design,well,mutations,selection_score,ridgey_stability_delta_mean,ridgey_stability_delta_min,ridgey_stability_delta_by_model,ridgey_ec_probability_mean,ridgey_ec_delta_mean,ridgey_ec_delta_min,ridgey_ec_non_decreasing_models,ridgey_ec_delta_by_model,ridgey_solubility_delta_mean,ridgey_solubility_delta_min,ridgey_solubility_delta_by_model,ridgey_masked_lm_delta_mean,ridgey_masked_ppl_ratio_mean,ridgey_enzyme_probability_min,active_sites_all_models,potts_delta,independent_delta,net_charge_delta,surface_hydropathy_delta,minimum_essential_ca_distance,source_name,esmfold2fast_plddt,esmfold2fast_plddt_delta_vs_wt,esmfold2fast_ptm,esmfold2fast_ptm_delta_vs_wt,structured_ca_rmsd_vs_wt_angstrom,structured_ca_fraction_within_3A,gh56_ca_rmsd_angstrom,c_terminal_ca_rmsd_angstrom,active_pocket_ca_rmsd_angstrom,max_domain_ca_rmsd_angstrom,fold_selection_score,structure_file
PH20_10M_001,A1,S23T;E32I;M36L;H194D;I310L;M314Y;D321K;E325K;A413E;A420S,1.7656641340878967,0.14548633593750004,0.08890831640625008,0.0889083164;0.21014693;0.129321188;0.161651484;0.137403762,0.9877748608589172,0.0037230730056762697,0.00039070844650268555,5,0.00570887327;0.000390708447;0.00672066212;0.00485444069;0.000940680504,0.0005902409553527832,-0.00045353174209594727,-0.000453531742;0;0;0.00340473652;0,1.2950000047683716,0.27667186046651127,0.999841570854187,114,-8.251017980277538,6.757146120071411,3,-5.3,14.04241216908373,PH20_POOL_0092,0.9573608040809631,-0.0019423961639404297,0.9735890626907349,-0.0021445155143737793,0.3559036625642561,1.0,0.35781945189581543,0.27245347469916265,0.25231217017400054,0.35781945189581543,1.6820770663934306,structures/PH20_10M_001_esmfold2fast.cif
PH20_10M_002,A2,S23T;E32V;M36L;H194D;I310L;M314Y;D321K;E325K;A413E;V415I,1.8107847199569271,0.14871936562499996,0.08890831640625008,0.0889083164;0.242477227;0.121238613;0.145486336;0.145486336,0.9878510594367981,0.0037992715835571287,0.00039070844650268555,5,0.00470036268;0.000390708447;0.00816643238;0.00436961651;0.0013692379,0.0005290627479553223,-0.0003554821014404297,0;-0.000355482101;0;0.00300079584;0,1.2000000715255736,0.3028278089958239,0.9998313188552856,114,-6.740868296474218,7.623069524765015,3,-5.3,14.04241216908373,PH20_POOL_0023,0.9536232948303223,-0.005679905414581299,0.9723717570304871,-0.003361821174621582,0.4151321436607744,1.0,0.4475130767567561,0.2606649716489405,0.4132658147962671,0.4475130767567561,1.6520290502675143,structures/PH20_10M_002_esmfold2fast.cif
PH20_10M_003,A3,S23T;E32T;M36L;H194D;I310L;M314Y;D321K;E325Q;V415I;A420S,1.7435614482857993,0.14063679140625,0.08890831640625008,0.0889083164;0.193981781;0.145486336;0.137403762;0.137403762,0.9878889083862304,0.0038371205329895018,0.0,5,0.00570887327;0;0.00816643238;0.00436961651;0.000940680504,0.0009162425994873047,0.0,0;0;0;0.004581213;0,1.0975000381469726,0.3388677470768905,0.999841570854187,114,-12.746690727770329,5.223894357681274,3,0.0,14.04241216908373,PH20_POOL_0013,0.9542955160140991,-0.005007684230804443,0.9738194346427917,-0.0019141435623168945,0.44477713993919055,1.0,0.38004040738846084,0.47782599540787607,0.3794960738733004,0.47782599540787607,1.606315181859887,structures/PH20_10M_003_esmfold2fast.cif
PH20_10M_004,A4,S23T;E32I;M36L;H194D;I310L;M314R;D321K;Q394T;V415I;A420S,1.655937546369525,0.1503358804687501,0.11315603906250038,0.113156039;0.21014693;0.129321188;0.137403762;0.161651484,0.9872645378112793,0.00321274995803833,0.00039070844650268555,5,0.00128293037;0.000390708447;0.00816643238;0.00485444069;0.0013692379,8.711814880371093e-05,-0.00045353174209594727,-0.000453531742;0;0;0.000889122486;0,1.7600000619888305,0.17766609578372863,0.999841570854187,114,-6.822160996496677,10.908165454864502,3,0.0,14.04241216908373,PH20_POOL_0264,0.9566993117332458,-0.002603888511657715,0.9744837284088135,-0.001249849796295166,0.42415734124686477,1.0,0.29707854391529087,0.5042003175109573,0.21546957812942355,0.5042003175109573,1.5679351121707807,structures/PH20_10M_004_esmfold2fast.cif
PH20_10M_005,A5,E32I;M36L;K131R;H194D;I310L;D321K;E325Q;A372E;A413R;A420S,1.6783504827417237,0.1519523953125,0.11315603906250038,0.113156039;0.21014693;0.145486336;0.137403762;0.15356891,0.9875554442405701,0.0035036563873291015,0.00048482418060302734,5,0.00470036268;0.000757992268;0.00672066212;0.00485444069;0.000484824181,0.00042746067047119143,-0.00045353174209594727,-0.000453531742;0;0;0.00259083509;0,1.1524999856948852,0.3196182499873988,0.9998313188552856,114,-11.891735810786486,4.530059337615967,3,-6.3,14.04241216908373,PH20_POOL_0353,0.9548391699790955,-0.0044640302658081055,0.9748151898384094,-0.0009183883666992188,0.3602864283397323,1.0,0.28240786982102206,0.3922711914856789,0.335696752617099,0.3922711914856789,1.564251777782439,structures/PH20_10M_005_esmfold2fast.cif
PH20_10M_006,A6,E32V;M36L;K131R;V238L;M311F;M314Y;D321K;E325Q;A413E;A420S,1.5840042336496882,0.16488451406250001,0.12123861328125018,0.121238613;0.274807523;0.15356891;0.145486336;0.129321187,0.9875431895256043,0.0034914016723632812,0.00048482418060302734,5,0.00665819645;0.000757992268;0.00518637896;0.00436961651;0.000484824181,0.00011675357818603515,-0.0009210705757141113,-0.000921070576;-0.000355482101;-0.00031453371;0.00217485428;0,0.5137500047683716,0.6015770003401363,0.9997965693473816,114,-18.205566238611937,3.3861465454101562,3,-5.7,14.683852653805417,PH20_POOL_0395,0.9599406123161316,0.0006374120712280273,0.9760367274284363,0.0003031492233276367,0.34412433132766224,1.0,0.22436171727586796,0.3702235223323518,0.1440490148969892,0.3702235223323518,1.561162294684729,structures/PH20_10M_006_esmfold2fast.cif
PH20_10M_007,A7,S23T;E32I;M36L;H194D;I310L;M314Y;D321K;E393K;A413E;V415I,1.6686449788709554,0.15518542500000007,0.11315603906250038,0.113156039;0.242477227;0.15356891;0.145486336;0.121238613,0.9874500632286072,0.003398275375366211,0.00039070844650268555,5,0.0036290288;0.000390708447;0.00672066212;0.00531029701;0.000940680504,8.956193923950195e-05,0.0,0;0;0;0.000447809696;0,1.4524999856948853,0.2415283917360189,0.9998313188552856,114,-10.734413348138332,7.5990071296691895,3,-5.3,14.04241216908373,PH20_POOL_0228,0.9550473093986511,-0.004255890846252441,0.9723204970359802,-0.003413081169128418,0.4312819881639701,1.0,0.27682798216275323,0.5419482918680637,0.19747936439887526,0.5419482918680637,1.543424288329608,structures/PH20_10M_007_esmfold2fast.cif
PH20_10M_008,A8,S23T;E32I;M36L;K131R;H194D;I310L;D321K;E325Q;V415I;A420S,1.6163253350358011,0.1616514843750001,0.10507346484375013,0.105073465;0.242477227;0.129321188;0.15356891;0.177816633,0.9871349334716797,0.0030831456184387206,0.00039070844650268555,5,0.0036290288;0.000390708447;0.00672066212;0.00330609083;0.0013692379,0.00042746067047119143,-0.00045353174209594727,-0.000453531742;0;0;0.00259083509;0,0.9699999332427979,0.38345476223881675,0.9998313188552856,114,-1.4304824620485306,10.785277128219604,3,0.0,14.04241216908373,PH20_POOL_0107,0.9573816657066345,-0.001921534538269043,0.9745492935180664,-0.0011842846870422363,0.3704759146151316,1.0,0.28818290998410434,0.44107390046486084,0.20378703938634266,0.44107390046486084,1.5413602441183574,structures/PH20_10M_008_esmfold2fast.cif
PH20_10M_009,B1,E32V;M36L;K131R;H194D;I310L;M314Y;E325K;E393K;A413E;V415I,1.6370320099097584,0.15195239531250007,0.12123861328124974,0.121238613;0.242477227;0.15356891;0.121238613;0.121238613,0.9872619271278381,0.003210139274597168,0.00039070844650268555,5,0.0036290288;0.000390708447;0.00672066212;0.00436961651;0.000940680504,0.0007689356803894043,0.0,0.000439941883;0;0;0.00340473652;0,1.2925000667572022,0.27919674423760965,0.9998089671134949,114,-7.768871735781431,5.698747873306274,3,-5.3,14.04241216908373,PH20_POOL_0376,0.9554643630981445,-0.003838837146759033,0.9725896120071411,-0.0031439661979675293,0.39443175425551225,1.0,0.24319170802736997,0.5080825459660081,0.18854657703040295,0.5080825459660081,1.521555449563569,structures/PH20_10M_009_esmfold2fast.cif
PH20_10M_010,B2,S23T;E32I;M36L;H194D;I310L;D321K;E325K;A413E;V415I;D419E,1.5965591467763427,0.13740376171875007,0.08890831640625008,0.0889083164;0.193981781;0.105073465;0.145486336;0.15356891,0.9871707558631897,0.0031189680099487304,0.00039070844650268555,5,0.0036290288;0.000390708447;0.00672066212;0.00436961651;0.000484824181,0.0006001591682434082,0.0,0;0;0;0.00300079584;0,1.2050000429153442,0.3021795699603232,0.999841570854187,114,-1.222388081252575,8.802048444747925,3,-5.3,14.04241216908373,PH20_POOL_0009,0.9581419825553894,-0.0011612176895141602,0.9734535217285156,-0.0022800564765930176,0.427944169425574,1.0,0.38506664851427863,0.4506988714913825,0.258427263613842,0.4506988714913825,1.5160064127534751,structures/PH20_10M_010_esmfold2fast.cif
PH20_10M_011,B3,S23T;E32V;M36L;K131R;H194D;I310L;M314Y;D321K;A413R;A420S,1.6427117794787929,0.15680193984374985,0.1293211875,0.129321187;0.226312078;0.15356891;0.145486336;0.129321187,0.9873088002204895,0.003257012367248535,0.0007579922676086426,5,0.00665819645;0.000757992268;0.00355857611;0.00436961651;0.000940680504,0.0006809473037719726,0.0,0;0;0;0.00340473652;0,1.4500000715255736,0.24055975371193064,0.9998089671134949,114,-11.271898534148932,6.009363651275635,3,-6.3,14.04241216908373,PH20_POOL_0389,0.9542739987373352,-0.005029201507568359,0.9737964272499084,-0.0019371509552001953,0.44250056276634225,1.0,0.358792843516629,0.46253531040598683,0.36947923124776016,0.46253531040598683,1.5067894651012956,structures/PH20_10M_011_esmfold2fast.cif
PH20_10M_012,B4,S23T;E32V;M36L;K131R;H194D;I310L;D321K;E325K;A413E;A420S,1.6318057750905992,0.13740376171874996,0.08890831640625008,0.0889083164;0.21014693;0.105073465;0.129321187;0.15356891,0.9871837854385376,0.0031319975852966307,0.0,5,0.0036290288;0;0.00672066212;0.00436961651;0.000940680504,0.0009162425994873047,0.0,0;0;0;0.004581213;0,1.19375,0.3064702273726591,0.9998313188552856,114,1.1787202656269073,10.222490787506104,3,-5.3,14.04241216908373,PH20_POOL_0002,0.9552732110023499,-0.004029989242553711,0.9733650088310242,-0.0023685693740844727,0.42401253723520316,1.0,0.4265975071587444,0.3136561211996337,0.3982178064483037,0.4265975071587444,1.5033456931845113,structures/PH20_10M_012_esmfold2fast.cif
PH20_10M_013,B5,S23T;E32V;M36L;K131R;I310L;M314Y;D321K;A372E;V415I;A420S,1.616495782647576,0.15518542499999982,0.09699089062499988,0.0969908906;0.242477227;0.15356891;0.137403762;0.145486336,0.9874244451522827,0.0033726572990417482,0.00048482418060302734,5,0.00470036268;0.00110328197;0.00672066212;0.00385415554;0.000484824181,0.00025475025177001953,-0.0003554821014404297,0;-0.000355482101;0;0.00132405758;0.000305175781,1.1262499809265136,0.33645776319000636,0.9998205304145813,114,-9.983396548777819,8.193450450897217,2,0.0,14.95989440734575,PH20_POOL_0392,0.9548851847648621,-0.004418015480041504,0.9738193154335022,-0.0019142627716064453,0.3907175025200576,1.0,0.3678746709566094,0.30837934110161025,0.3715845726850588,0.3678746709566094,1.49261330389789,structures/PH20_10M_013_esmfold2fast.cif
PH20_10M_014,B6,S23T;E32T;M36L;K131R;H194D;I310L;M314Y;D321K;E393Q;V415I,1.637808711338734,0.14548633593749996,0.10507346484374969,0.105073465;0.21014693;0.161651484;0.145486336;0.105073465,0.9873476386070251,0.0032958507537841795,0.00039070844650268555,5,0.0036290288;0.000390708447;0.00672066212;0.00436961651;0.0013692379,0.0006001591682434082,0.0,0;0;0;0.00300079584;0,1.49375,0.23813387370204098,0.9998313188552856,114,-8.357795301824808,7.42575740814209,3,0.0,14.04241216908373,PH20_POOL_0072,0.9536013007164001,-0.005701899528503418,0.9743569493293762,-0.0013766288757324219,0.6162395077826596,0.9908675799086758,0.35086856096445257,0.7406035330934455,0.3640457300263118,0.7406035330934455,1.4849381363335301,structures/PH20_10M_014_esmfold2fast.cif
PH20_10M_015,B7,S23T;E32V;M36L;K131R;H194D;I310L;M314Y;D321K;E393K;A413E,1.5943277686967472,0.16003496953125004,0.12123861328125018,0.129321187;0.242477227;0.161651484;0.145486336;0.121238613,0.9871254920959472,0.0030737042427062987,0.0007579922676086426,5,0.0036290288;0.000757992268;0.00518637896;0.00485444069;0.000940680504,0.0009412050247192382,-0.0003554821014404297,0.000866651535;-0.000355482101;0;0.00419485569;0,1.4712499618530273,0.23915385184059085,0.9998205304145813,114,-8.298446536064148,8.73076343536377,3,-5.3,14.04241216908373,PH20_POOL_0205,0.9552093148231506,-0.00409388542175293,0.9719333052635193,-0.0038002729415893555,0.3994943830595426,1.0,0.2694446030651446,0.47671911157101143,0.18716376431722087,0.47671911157101143,1.4722466280927244,structures/PH20_10M_015_esmfold2fast.cif
PH20_10M_016,B8,S23T;E32I;M36L;H194D;V238L;I310L;D321K;E325Q;V415I;D419E,1.5265801352939998,0.16326799921875015,0.11315603906250038,0.113156039;0.242477227;0.129321188;0.169734059;0.161651484,0.9868875980377197,0.0028358101844787598,0.00039070844650268555,5,0.00128293037;0.000390708447;0.00816643238;0.00385415554;0.000484824181,0.00011119842529296874,-0.00045353174209594727,-0.000453531742;0;-0.00031453371;0.00132405758;0,0.9875000238418579,0.374723317586905,0.999841570854187,114,-2.048967331647873,10.00571608543396,3,-0.40000000000000036,14.04241216908373,PH20_POOL_0055,0.958450973033905,-0.0008522272109985352,0.9744109511375427,-0.001322627067565918,0.31779765822627143,1.0,0.3028590705223021,0.3124681044113426,0.20310352978475196,0.3124681044113426,1.4698386340224479,structures/PH20_10M_016_esmfold2fast.cif
PH20_10M_017,C1,E32T;M36L;H194D;I310L;M314Y;D321K;E325Q;A372E;A413R;V415I,1.5484765671058758,0.1357872468750001,0.08082574218750027,0.0808257422;0.21014693;0.145486336;0.121238613;0.121238613,0.9877337574958801,0.00368196964263916,0.00039070844650268555,5,0.0036290288;0.000390708447;0.00816643238;0.00485444069;0.0013692379,0.0009772777557373047,0.0,0;0;0;0.004581213;0.000305175781,1.2012499809265136,0.3076931582611762,0.9998313188552856,114,-22.710936434566975,-0.6928343772888184,3,-6.3,14.04241216908373,PH20_POOL_0109,0.9562630653381348,-0.003040134906768799,0.9747484922409058,-0.0009850859642028809,0.3410144560395158,1.0,0.1350278005301641,0.4698070240480618,0.11779764882186756,0.4698070240480618,1.4688441444264373,structures/PH20_10M_017_esmfold2fast.cif
PH20_10M_018,C2,S23T;E32T;M36L;H194D;I310L;M314Y;D321K;E325Q;Q350R;A413E,1.5513076242398984,0.14548633593750004,0.11315603906250038,0.113156039;0.193981781;0.145486336;0.137403762;0.137403762,0.9873588919639588,0.0033071041107177734,0.00039070844650268555,5,0.0036290288;0.000390708447;0.00672066212;0.00485444069;0.000940680504,0.000855863094329834,-0.0003554821014404297,0.000439941883;-0.000355482101;0;0.00419485569;0,1.078749942779541,0.3442539319522242,0.9998313188552856,114,-15.34127850458026,3.608755588531494,3,-5.3,14.04241216908373,PH20_POOL_0145,0.956500232219696,-0.0028029680252075195,0.9741463661193848,-0.001587212085723877,0.35629241257066224,1.0,0.36651875671294204,0.2843561768992855,0.3735216402798023,0.36651875671294204,1.44929620938799,structures/PH20_10M_018_esmfold2fast.cif
PH20_10M_019,C3,S23T;E32V;M36L;H194D;V238L;M311F;D321K;E325K;A413E;A420S,1.5774256415714882,0.1551854249999999,0.11315603906249994,0.113156039;0.258642375;0.113156039;0.145486336;0.145486336,0.9871206760406495,0.0030688881874084474,-0.00041556358337402344,4,0.00470036268;-0.000415563583;0.00672066212;0.00385415554;0.000484824181,0.0004383563995361328,-0.00045353174209594727,-0.000453531742;-0.000355482101;0;0.00300079584;0,1.2437498807907104,0.2889108885204428,0.9998205304145813,114,-6.487098563462496,7.729851722717285,3,-5.7,14.04241216908373,PH20_POOL_0004,0.9522414803504944,-0.00706171989440918,0.9728029370307922,-0.0029306411743164062,0.359539593324879,1.0,0.35807418265549945,0.2599480808612397,0.3693272797618782,0.35807418265549945,1.4144034363350841,structures/PH20_10M_019_esmfold2fast.cif
PH20_10M_020,C4,E32V;M36L;K131R;H194D;I310L;M314Y;D321K;E325Q;V415I;A420S,1.5156015307961281,0.16488451406249993,0.11315603906250038,0.113156039;0.258642375;0.15356891;0.129321187;0.169734059,0.9871142387390137,0.003062450885772705,0.0007579922676086426,5,0.0036290288;0.000757992268;0.00518637896;0.00436961651;0.0013692379,0.0010673880577087402,0.0,0;0;0;0.00533694029;0,0.9562501668930053,0.3869683412765717,0.9998313188552856,114,-10.948154270648956,7.875837326049805,3,0.0,14.04241216908373,PH20_POOL_0183,0.9545312523841858,-0.0047719478607177734,0.9744958877563477,-0.0012376904487609863,0.3431326341545539,1.0,0.16536023619745144,0.4659844896522131,0.12494939237241595,0.4659844896522131,1.4126424691575747,structures/PH20_10M_020_esmfold2fast.cif
PH20_10M_021,C5,E32I;M36L;K131R;H194D;I310L;D321K;E325K;A372T;A413E;A420S,1.534483157086587,0.14548633593749996,0.09699089062499988,0.0969908906;0.21014693;0.121238613;0.129321187;0.169734059,0.9870676636695862,0.003015875816345215,0.00039070844650268555,5,0.0036290288;0.000390708447;0.00672066212;0.00385415554;0.000484824181,0.0006001591682434082,0.0,0;0;0;0.00300079584;0,1.2312499284744263,0.2965013157481782,0.9998205304145813,114,-4.976164180785418,8.146303653717041,3,-5.3,14.04241216908373,PH20_POOL_0250,0.9552232623100281,-0.004079937934875488,0.9735767841339111,-0.0021567940711975098,0.35573103019303454,1.0,0.3687062219428632,0.2366821281310789,0.37266539190164966,0.3687062219428632,1.4125676990111928,structures/PH20_10M_021_esmfold2fast.cif
PH20_10M_022,C6,S23T;E32T;K131R;H194D;M311F;D321K;E325Q;E393Q;A413E;V415I,1.5664010041593501,0.14225330625000004,0.11315603906249994,0.113156039;0.226312078;0.137403762;0.121238613;0.113156039,0.9872738718986511,0.003222084045410156,0.0,5,0.00470036268;0;0.00518637896;0.00485444069;0.0013692379,0.0003674030303955078,-0.0003554821014404297,0.000439941883;-0.000355482101;0;0.00175255537;0,1.1225000143051147,0.336819190955721,0.9998205304145813,114,-11.008479680866003,2.271939277648926,3,-5.3,14.04241216908373,PH20_POOL_0019,0.951924204826355,-0.007378995418548584,0.9734011888504028,-0.0023323893547058105,0.33031128228425,1.0,0.2838812849100728,0.37512516432848164,0.347077739491761,0.37512516432848164,1.4057299121335205,structures/PH20_10M_022_esmfold2fast.cif
PH20_10M_023,C7,S23T;E32T;M36L;H194D;M311F;D321K;E325Q;A413E;V415I;A420K,1.5606062412042805,0.14225330624999993,0.09699089062499988,0.0969908906;0.21014693;0.105073465;0.129321187;0.169734059,0.9874761939048767,0.003424406051635742,0.00039070844650268555,5,0.00470036268;0.000390708447;0.00672066212;0.00436961651;0.000940680504,0.0010652661323547364,0.0,0.000439941883;0;0;0.004581213;0.000305175781,1.0612500190734864,0.34731688447685655,0.999841570854187,114,-15.583933636546135,2.2325572967529297,3,-5.3,14.04241216908373,PH20_POOL_0008,0.9521045088768005,-0.007198691368103027,0.9733757972717285,-0.002357780933380127,0.33824611512170777,1.0,0.3148500292554127,0.2831721902154298,0.35476260162748835,0.3148500292554127,1.4041409356944838,structures/PH20_10M_023_esmfold2fast.cif
PH20_10M_024,C8,S23T;E32V;M36L;H194D;I310L;D321K;E325Q;A372E;V415I;A420S,1.5234348330864194,0.15356891015624993,0.10507346484375013,0.105073465;0.226312078;0.113156039;0.15356891;0.169734059,0.9869787693023682,0.002926981449127197,0.00039070844650268555,5,0.00128293037;0.000390708447;0.00816643238;0.00385415554;0.000940680504,0.0009095549583435058,0.0,0.000439941883;0;0;0.00380265713;0.000305175781,1.213749933242798,0.2986686480670009,0.9998313188552856,114,-4.886844176799059,9.655039072036743,2,0.0,14.04241216908373,PH20_POOL_0014,0.9555585384368896,-0.003744661808013916,0.9738857746124268,-0.0018478035926818848,0.4697241376081608,1.0,0.421223100265725,0.43876460759415964,0.40122002490457365,0.43876460759415964,1.401656229778632,structures/PH20_10M_024_esmfold2fast.cif
PH20_10M_025,D1,S23T;E32V;M36L;K131R;I310L;M314Y;E325K;Q394T;V415I;D419E,1.5418040247418123,0.1584184546874999,0.12123861328125018,0.121238613;0.226312078;0.15356891;0.15356891;0.137403762,0.9870407819747925,0.0029889941215515137,0.00039070844650268555,5,0.0036290288;0.000390708447;0.00518637896;0.00436961651;0.0013692379,8.711814880371093e-05,-0.00045353174209594727,-0.000453531742;0;0;0.000889122486;0,0.883750057220459,0.42780334939639947,0.9998089671134949,114,-6.379443876445293,5.5937042236328125,3,0.0,14.95989440734575,PH20_POOL_0402,0.9543247222900391,-0.004978477954864502,0.9728246927261353,-0.0029088854789733887,0.4253492470366166,1.0,0.3966570263446779,0.42064453171964483,0.38848115607387657,0.42064453171964483,1.3989108632582814,structures/PH20_10M_025_esmfold2fast.cif
PH20_10M_026,D2,E32T;M36L;K131R;H194D;I310L;M314Y;D321K;E325K;A413E;V415I,1.4562262632461784,0.12123861328124992,0.05657801953124997,0.0565780195;0.177816633;0.15356891;0.105073465;0.113156039,0.9873520135879517,0.0033002257347106933,0.00039070844650268555,5,0.00470036268;0.000390708447;0.00518637896;0.00485444069;0.0013692379,0.0006771683692932129,-0.00045353174209594727,-0.000453531742;-0.000355482101;0;0.00419485569;0,1.1799999713897704,0.31648458999241524,0.999841570854187,114,-12.406164068728685,3.973198890686035,3,-5.3,14.04241216908373,PH20_POOL_0021,0.956784188747406,-0.0025190114974975586,0.9745478630065918,-0.0011857151985168457,0.19924547417704536,1.0,0.15981754805221457,0.25802951049848616,0.12112922404028605,0.25802951049848616,1.39149800575912,structures/PH20_10M_026_esmfold2fast.cif
PH20_10M_027,D3,S23T;E32T;M36L;K131R;H194D;M311F;M314Y;D321K;V415I;A420S,1.4639581879815855,0.18104966249999999,0.1454863359374996,0.145486336;0.290972672;0.169734059;0.145486336;0.15356891,0.9869294881820678,0.0028777003288269045,0.00039070844650268555,5,0.00470036268;0.000390708447;0.00355857611;0.00436961651;0.0013692379,0.0010042309761047364,0.0,0.000439941883;0;0;0.004581213;0,1.4387499570846558,0.2464683014275385,0.9998313188552856,114,-17.940394058823586,4.955274343490601,2,0.0,14.04241216908373,PH20_POOL_0181,0.9564926624298096,-0.002810537815093994,0.9749667644500732,-0.0007668137550354004,0.33159906772037173,1.0,0.20923839153290283,0.3973144602217212,0.13344700642429258,0.3973144602217212,1.390886800506659,structures/PH20_10M_027_esmfold2fast.cif
PH20_10M_028,D4,E32V;M36L;K131R;H194D;I310L;D321K;E325Q;Q350R;A413E;V415I,1.4415504330843023,0.14871936562499996,0.12123861328125018,0.129321187;0.21014693;0.121238613;0.129321187;0.15356891,0.9867908000946045,0.0027390122413635254,0.00039070844650268555,5,0.00249123573;0.000390708447;0.00672066212;0.00272321701;0.0013692379,0.0007774233818054199,-0.0003554821014404297,0.000439941883;-0.000355482101;0;0.00380265713;0,0.9274998664855957,0.39575423415415256,0.9998205304145813,114,-6.3184762336313725,8.594286918640137,3,-5.3,14.04241216908373,PH20_POOL_0154,0.9576619863510132,-0.0016412138938903809,0.9749799966812134,-0.0007535815238952637,0.23261953223110485,1.0,0.14298573291430794,0.33093040451394345,0.11923738996890869,0.33093040451394345,1.3873569549438676,structures/PH20_10M_028_esmfold2fast.cif
PH20_10M_029,D5,S23T;E32T;M36L;H194D;M311F;D321K;E325K;Q394T;A413E;A420S,1.5442531630266765,0.1357872468750001,0.08890831640625008,0.0889083164;0.193981781;0.113156039;0.113156039;0.169734059,0.987411904335022,0.003360116481781006,-0.00041556358337402344,4,0.00470036268;-0.000415563583;0.00672066212;0.00485444069;0.000940680504,0.0002794146537780762,-0.0003554821014404297,0;-0.000355482101;0;0.00175255537;0,1.3987500190734863,0.2526254488154273,0.9998205304145813,114,-14.32011242210865,3.0298171043395996,3,-5.3,14.04241216908373,PH20_POOL_0010,0.952055037021637,-0.0072481632232666016,0.9736757874488831,-0.002057790756225586,0.3607912408149219,1.0,0.3488489196791619,0.3456385127697886,0.36975813358979265,0.3488489196791619,1.3863946189547351,structures/PH20_10M_029_esmfold2fast.cif
PH20_10M_030,D6,E32T;M36L;K131R;H194D;M311F;D321K;E325Q;A372E;A413R;T418V,1.4681784561320106,0.16488451406250001,0.08890831640624963,0.121238613;0.274807523;0.161651484;0.0889083164;0.177816633,0.9873520135879517,0.0033002257347106933,0.00039070844650268555,5,0.00470036268;0.000390708447;0.00518637896;0.00485444069;0.0013692379,0.00026581287384033205,0.0,0.000439941883;0;0;0.000889122486;0,1.1375000476837158,0.32371641499535925,0.999783456325531,114,-19.290080159902573,0.6535775661468506,3,-6.3,14.04241216908373,PH20_POOL_0280,0.9558948278427124,-0.003408372402191162,0.9754588603973389,-0.0002747178077697754,0.3583655374373933,0.997716894977169,0.18975274306319176,0.5936687452138548,0.12582139482479124,0.5936687452138548,1.3828146681003866,structures/PH20_10M_030_esmfold2fast.cif
PH20_10M_031,D7,S23T;E32I;M36L;H194D;M311F;M314Y;D321K;E393K;A413E;A420S,1.4805336543783563,0.17943314765624985,0.1454863359374996,0.145486336;0.290972672;0.15356891;0.161651484;0.145486336,0.9869731307029724,0.0029213428497314453,0.0,5,0.00570887327;0;0.00355857611;0.00485444069;0.000484824181,0.00035051107406616213,0.0,0;0;0;0.00175255537;0,1.548750114440918,0.21722793969894483,0.9998089671134949,114,-18.129229068756104,5.258754014968872,3,-5.3,14.04241216908373,PH20_POOL_0378,0.9551475644111633,-0.004155635833740234,0.9739386439323425,-0.0017949342727661133,0.47811264659540614,0.9931506849315068,0.22622016478172144,0.5624821090973133,0.13069638856447544,0.5624821090973133,1.3751128058800313,structures/PH20_10M_031_esmfold2fast.cif
PH20_10M_032,D8,E32T;M36L;K131R;H194D;M311F;D321K;E325K;Q394T;A413E;D419E,1.4216009031659984,0.13902027656250002,0.09699089062499988,0.0969908906;0.193981781;0.145486336;0.113156039;0.145486336,0.987137746810913,0.0030859589576721193,0.00039070844650268555,5,0.0036290288;0.000390708447;0.00518637896;0.00485444069;0.0013692379,0.00044707059860229494,-0.0003554821014404297,0;-0.000355482101;0;0.00259083509;0,1.2737500429153443,0.284464979437472,0.9998313188552856,114,-16.424009047448635,2.2421672344207764,3,-5.3,14.04241216908373,PH20_POOL_0049,0.9587808847427368,-0.000522315502166748,0.9745317697525024,-0.0012018084526062012,0.4146680594929092,0.997716894977169,0.22338485484112497,0.5350402942817146,0.14948113277323558,0.5350402942817146,1.3640185215277385,structures/PH20_10M_032_esmfold2fast.cif
PH20_10M_033,E1,S23T;E32I;M36L;K131R;I310L;M314Y;E325K;Q394T;A413E;A420T,1.4597697082597447,0.1584184546875,0.08890831640625008,0.0889083164;0.258642375;0.161651484;0.15356891;0.129321187,0.987052035331726,0.0030002474784851076,0.00039070844650268555,5,0.0036290288;0.000390708447;0.00518637896;0.00531029701;0.000484824181,8.711814880371093e-05,-0.00045353174209594727,-0.000453531742;0;0;0.000889122486;0,0.9325000047683716,0.40907751530209324,0.9997965693473816,114,-8.446115739643574,3.9551849365234375,2,-5.3,14.95989440734575,PH20_POOL_0472,0.9575014114379883,-0.0018017888069152832,0.9719215035438538,-0.003812074661254883,0.4320597606983648,0.997716894977169,0.3147484544274221,0.4660117428293382,0.20978449036811045,0.4660117428293382,1.3633726091084444,structures/PH20_10M_033_esmfold2fast.cif
PH20_10M_034,E2,E32I;M36L;H194D;I310L;D321K;E325K;Q394T;A413E;V415I;A420T,1.5066533918562606,0.13417073203125005,0.07274316796875002,0.072743168;0.193981781;0.113156039;0.121238613;0.169734059,0.987228000164032,0.0031762123107910156,0.0,5,0.00249123573;0;0.00816643238;0.00385415554;0.0013692379,0.0002648115158081055,0.0,0;0;0;0.00132405758;0,1.2837500333786012,0.2805338126233897,0.999841570854187,114,-7.939027093350887,6.892226219177246,3,-5.3,14.04241216908373,PH20_POOL_0377,0.954718828201294,-0.004584372043609619,0.9737326502799988,-0.0020009279251098633,0.6188744740055494,0.9908675799086758,0.38885351125405093,0.7066662060500531,0.3800306719568223,0.7066662060500531,1.3622971264338815,structures/PH20_10M_034_esmfold2fast.cif
PH20_10M_035,E3,E32V;M36L;H194D;I310L;M314Y;D321K;E325Q;Q350R;A413E;A420S,1.400478911042147,0.14871936562499996,0.12123861328125018,0.121238613;0.226312078;0.129321188;0.137403762;0.129321187,0.9869388461112976,0.002887058258056641,0.0,5,0.00249123573;0;0.00672066212;0.00385415554;0.0013692379,0.001145315170288086,-0.0003554821014404297,0.000439941883;-0.000355482101;0;0.00533694029;0.000305175781,1.0837498664855958,0.34032313606137504,0.9998205304145813,114,-15.641166187822819,5.317887544631958,3,-5.3,14.04241216908373,PH20_POOL_0259,0.958225667476654,-0.0010775327682495117,0.9744852781295776,-0.0012483000755310059,0.20669624019976474,1.0,0.13621162926025132,0.296782300785513,0.1066928613271252,0.296782300785513,1.3520537160469166,structures/PH20_10M_035_esmfold2fast.cif
PH20_10M_036,E4,S23T;E32V;M36L;K131R;H194D;I310L;D321K;E325Q;V415I;D419E,1.4726914989088733,0.16650102890625,0.11315603906250038,0.113156039;0.242477227;0.15356891;0.145486336;0.177816633,0.9866896152496338,0.0026378273963928224,0.00039070844650268555,5,0.00128293037;0.000390708447;0.00672066212;0.00385415554;0.000940680504,0.0006881475448608399,0.0,0.000439941883;0;0;0.00300079584;0,0.9600001573562622,0.38706608618011773,0.9998313188552856,114,-0.30677130073308945,11.024025440216064,3,0.0,14.04241216908373,PH20_POOL_0026,0.9551261067390442,-0.004177093505859375,0.9736384153366089,-0.002095162868499756,0.3767877923028154,1.0,0.3851057524484257,0.30965687877436426,0.3815183480154224,0.3851057524484257,1.3483979514665994,structures/PH20_10M_036_esmfold2fast.cif
PH20_10M_037,E5,S23T;E32I;M36L;H194D;M311F;M314R;E325K;E393Q;A413E;A420S,1.4571331129808942,0.14871936562499988,0.10507346484374969,0.145486336;0.258642375;0.105073465;0.129321187;0.105073465,0.9867738366127015,0.0027220487594604493,0.0,5,0.0036290288;0;0.00518637896;0.00385415554;0.000940680504,0.0001778244972229004,0.0,0;0;0;0.000889122486;0,1.7262500524520874,0.18161406971400976,0.9998089671134949,114,-5.454230260103941,6.8033530712127686,3,-5.3,14.04241216908373,PH20_POOL_0201,0.9544143676757812,-0.0048888325691223145,0.9733946323394775,-0.0023389458656311035,0.3159521683929442,1.0,0.24177723010407426,0.3739046773784106,0.17312487237915464,0.3739046773784106,1.3437478341195415,structures/PH20_10M_037_esmfold2fast.cif
PH20_10M_038,E6,S23T;E32V;K131R;H194D;I310L;D321K;E325Q;Q394T;V415I;A420S,1.4405710199260906,0.14225330625000013,0.10507346484375013,0.105073465;0.193981781;0.129321188;0.129321187;0.15356891,0.986813223361969,0.002761435508728027,0.00039070844650268555,5,0.00249123573;0.000390708447;0.00518637896;0.00436961651;0.0013692379,0.0006061553955078125,0.0,0.000439941883;0;0;0.00259083509;0,1.1625001430511475,0.3239643767509328,0.9998205304145813,114,-5.111641600728035,7.26043963432312,3,0.0,14.04241216908373,PH20_POOL_0219,0.955964982509613,-0.0033382177352905273,0.9740949273109436,-0.001638650894165039,0.34801999015053575,1.0,0.3612512453533487,0.2281681999132546,0.3737521586381668,0.3612512453533487,1.3319654218177999,structures/PH20_10M_038_esmfold2fast.cif
PH20_10M_039,E7,S23T;E32V;M36L;H194D;V238L;M311F;D321K;A413R;V415I;D419E,1.5133230442894554,0.1762001179687501,0.11315603906249994,0.145486336;0.274807523;0.113156039;0.15356891;0.193981781,0.987065064907074,0.003013277053833008,0.0,5,0.0036290288;0;0.00518637896;0.00531029701;0.000940680504,0.00010672807693481445,-0.0003554821014404297,0;-0.000355482101;0;0.000889122486;0,1.3737500429153442,0.2544591776802433,0.999841570854187,114,-11.860443398356438,5.56162691116333,3,-6.7,14.04241216908373,PH20_POOL_0087,0.9513457417488098,-0.00795745849609375,0.9721598029136658,-0.003573775291442871,0.37275840125652365,1.0,0.312444714531215,0.4557085929681767,0.3491658695212413,0.4557085929681767,1.3315413234042544,structures/PH20_10M_039_esmfold2fast.cif
PH20_10M_040,E8,S23T;E32T;M36L;H194D;M311F;M314R;D321K;E325Q;Q394T;A413E,1.4720676686204437,0.14548633593749996,0.10507346484375013,0.105073465;0.226312078;0.137403762;0.121238613;0.137403762,0.987236487865448,0.0031847000122070313,0.0,5,0.0036290288;0;0.00518637896;0.00573885441;0.0013692379,0.0002794146537780762,-0.0003554821014404297,0;-0.000355482101;0;0.00175255537;0,1.3750000476837159,0.26010175666506763,0.9998313188552856,114,-17.710402123630047,3.752366542816162,3,-5.3,14.04241216908373,PH20_POOL_0057,0.9529018998146057,-0.0064013004302978516,0.9735000133514404,-0.002233564853668213,0.30468732928631603,1.0,0.315067803460809,0.25015664874813803,0.34855468392876177,0.315067803460809,1.3267746860616072,structures/PH20_10M_040_esmfold2fast.cif
PH20_10M_041,F1,E32V;M36L;H194D;M311F;D321K;E325K;A372E;E393Q;A413E;V415I,1.3544552131601713,0.14710285078125002,0.09699089062499988,0.0969908906;0.274807523;0.113156039;0.113156039;0.137403762,0.9867738366127015,0.0027220487594604493,0.0,5,0.0036290288;0;0.00518637896;0.00385415554;0.000940680504,0.00035051107406616213,0.0,0;0;0;0.00175255537;0,1.4175000667572022,0.2433390354455119,0.9998089671134949,114,-11.098451912403107,5.928487539291382,3,-5.3,14.04241216908373,PH20_POOL_0012,0.9594923853874207,0.00018918514251708984,0.9751315116882324,-0.0006020665168762207,0.2709771627952793,1.0,0.2292150307052409,0.2761691512547697,0.1195885085672425,0.2761691512547697,1.3261415943159038,structures/PH20_10M_041_esmfold2fast.cif
PH20_10M_042,F2,S23T;E32T;M36L;H194D;I310L;M314Y;D321K;A372T;A413R;V415I,1.4671589841343267,0.1519523953125,0.11315603906250038,0.113156039;0.226312078;0.161651484;0.129321187;0.129321187,0.9871411204338074,0.0030893325805664063,0.00048482418060302734,5,0.0036290288;0.000757992268;0.00672066212;0.00385415554;0.000484824181,0.0008299708366394043,0.0,0.000439941883;0;0;0.00340473652;0.000305175781,1.540000033378601,0.22034249384543192,0.9998313188552856,114,-17.818989124149084,2.1471569538116455,3,-6.3,14.04241216908373,PH20_POOL_0366,0.9539353251457214,-0.005367875099182129,0.9737877249717712,-0.0019458532333374023,0.4886091634399769,0.997716894977169,0.35640563658841556,0.527811772738825,0.36828247133715397,0.527811772738825,1.3239588213067852,structures/PH20_10M_042_esmfold2fast.cif
PH20_10M_043,F3,S23T;E32V;M36L;H194D;I310L;D321K;E325K;Q394T;A413E;T418V,1.45317746807859,0.14548633593749988,0.08082574218750027,0.0808257422;0.226312078;0.113156039;0.137403762;0.169734059,0.9868320465087891,0.0027802586555480957,0.0,5,0.00249123573;0;0.00518637896;0.00485444069;0.0013692379,0.0002648115158081055,0.0,0;0;0;0.00132405758;0,1.2737500667572021,0.28202974001064596,0.9998205304145813,114,-1.248368363827467,8.93124270439148,3,-5.3,14.04241216908373,PH20_POOL_0050,0.9555245637893677,-0.0037786364555358887,0.9732683897018433,-0.002465188503265381,0.4199082438540071,1.0,0.4701429294560375,0.13038661764065398,0.42004563090754143,0.4701429294560375,1.3226006130224803,structures/PH20_10M_043_esmfold2fast.cif
PH20_10M_044,F4,S23T;E32T;M36L;H194D;M311F;D321K;E325K;A413E;V415I;D419E,1.4968161002397773,0.13740376171874988,0.09699089062499988,0.0969908906;0.21014693;0.113156039;0.121238613;0.145486336,0.9871743679046631,0.003122580051422119,-0.00041556358337402344,4,0.00470036268;-0.000415563583;0.00518637896;0.00436961651;0.00177210569,0.0006978392601013183,-0.0003554821014404297,0.000439941883;-0.000355482101;0;0.00340473652;0,1.23625009059906,0.29379403424829253,0.9998313188552856,114,-11.206895995885134,4.176811933517456,3,-5.3,14.04241216908373,PH20_POOL_0001,0.9516491293907166,-0.007654070854187012,0.9723201990127563,-0.003413379192352295,0.4331271018351014,1.0,0.341616679862401,0.40384685860733577,0.3623852910274176,0.40384685860733577,1.3212293444176062,structures/PH20_10M_044_esmfold2fast.cif
PH20_10M_045,F5,S23T;E32V;H194D;I310L;M314Y;D321K;E325Q;E393Q;A413E;A420S,1.4798912430694344,0.13740376171874996,0.08082574218750027,0.0969908906;0.226312078;0.137403762;0.145486336;0.0808257422,0.9871519565582275,0.003100168704986572,0.00039070844650268555,5,0.00470036268;0.000390708447;0.00518637896;0.00385415554;0.0013692379,0.0009923815727233888,0.0,0;0;0;0.00496190786;0,1.2937498331069945,0.27942391918171916,0.9998089671134949,114,-9.61083434149623,4.148210763931274,3,-5.3,14.04241216908373,PH20_POOL_0062,0.9532024264335632,-0.006100773811340332,0.9719544649124146,-0.003779113292694092,0.35861426730711793,1.0,0.3556762630363157,0.32227549415042694,0.3760258604525076,0.3556762630363157,1.3210626517947313,structures/PH20_10M_045_esmfold2fast.cif
PH20_10M_046,F6,S23T;E32V;M36L;K131R;H194D;M311I;D321K;E393K;A413E;V415I,1.478989089042706,0.1584184546875,0.12123861328124974,0.121238613;0.258642375;0.137403762;0.121238613;0.15356891,0.9867619633674621,0.0027101755142211912,0.0,5,0.00249123573;0;0.00672066212;0.00385415554;0.000484824181,0.00019179582595825196,-0.0003554821014404297,0.000866651535;-0.000355482101;0;0.000447809696;0,1.2774999856948852,0.2847873367610138,0.9997965693473816,114,-4.341156754642725,8.330710411071777,3,-5.3,14.04241216908373,PH20_POOL_0175,0.9536429643630981,-0.00566023588180542,0.9726772904396057,-0.0030562877655029297,0.5356384276602555,0.9908675799086758,0.27073454867280977,0.6543893788066611,0.3310829739476876,0.6543893788066611,1.3207881900019158,structures/PH20_10M_046_esmfold2fast.cif
PH20_10M_047,F7,S23T;E32V;M36L;H194D;M311I;D321K;A372E;E393Q;A413R;A420S,1.4368497366205124,0.155185425,0.10507346484375013,0.129321187;0.274807523;0.105073465;0.137403762;0.129321187,0.9868638992309571,0.0028121113777160645,0.00039070844650268555,5,0.0036290288;0.000390708447;0.00518637896;0.00436961651;0.000484824181,0.0002648115158081055,0.0,0;0;0;0.00132405758;0,1.6662500381469727,0.1913855752092317,0.9998089671134949,114,-10.321162961423397,4.0818681716918945,3,-6.3,14.04241216908373,PH20_POOL_0244,0.9550274610519409,-0.0042757391929626465,0.9736500978469849,-0.0020834803581237793,0.35630379478620755,1.0,0.2701678525280126,0.4238694303525208,0.32416415471600935,0.4238694303525208,1.3152631364507434,structures/PH20_10M_047_esmfold2fast.cif
PH20_10M_048,F8,S23T;E32I;K131R;H194D;I310L;D321K;E325K;Q394T;A413E;V415I,1.3714481493575048,0.13417073203124996,0.08890831640625008,0.0889083164;0.177816633;0.137403762;0.121238613;0.145486336,0.9866896152496338,0.0026378273963928224,0.00039070844650268555,5,0.00128293037;0.000390708447;0.00672066212;0.00385415554;0.000940680504,0.0,0.0,0;0;0;0;0,1.2612500190734863,0.2938518896434631,0.9998313188552856,114,-3.7092523984611034,5.981273651123047,3,-5.3,14.04241216908373,PH20_POOL_0336,0.956575334072113,-0.0027278661727905273,0.9734545946121216,-0.0022789835929870605,0.32139111073094717,1.0,0.3063612463721931,0.3393897216030928,0.22834084506181315,0.3393897216030928,1.280678315953786,structures/PH20_10M_048_esmfold2fast.cif
