name,mutations,selection_score,ridgey_stability_delta_mean,ridgey_stability_delta_min,ridgey_stability_delta_by_model,ridgey_ec_probability_mean,ridgey_ec_delta_mean,ridgey_ec_delta_min,ridgey_ec_non_decreasing_models,ridgey_ec_delta_by_model,ridgey_solubility_delta_mean,ridgey_solubility_delta_min,ridgey_solubility_delta_by_model,ridgey_masked_lm_delta_mean,ridgey_masked_ppl_ratio_mean,ridgey_enzyme_probability_min,active_sites_all_models,potts_delta,independent_delta,net_charge_delta,surface_hydropathy_delta,minimum_essential_ca_distance
PH20_POOL_0033,S23T;E32I;H194D;I310L;D321K;E325K;A372T;A413E;V415I;A420S,1.6064681512379173,0.1293211875,0.08890831640625008,0.0889083164;0.177816633;0.0969908906;0.129321187;0.15356891,0.987286365032196,0.003234577178955078,0.0,5,0.00470036268;0;0.00816643238;0.00330609083;0,0.0004960060119628906,0.0,0;0;0;0.00217485428;0.000305175781,1.3862500190734863,0.2507894145390672,0.9998205304145813,114,-4.565611697733402,6.028676509857178,3,-5.3,14.04241216908373
PH20_POOL_0030,S23T;E32V;K131R;H194D;I310L;D321K;E325K;Q394T;A413E;V415I,1.477615492410569,0.1325542171875001,0.09699089062499988,0.0969908906;0.193981781;0.121238613;0.121238613;0.129321187,0.9868784189224243,0.0028266310691833496,0.00039070844650268555,5,0.00128293037;0.000390708447;0.00672066212;0.00436961651;0.0013692379,0.0005229592323303222,0.0,0.000439941883;0;0;0.00217485428;0,1.2887499809265137,0.2851471647120796,0.999841570854187,114,-2.793737042695284,6.5087080001831055,3,-5.3,14.04241216908373
PH20_POOL_0018,S23T;E32V;H194D;M311F;D321K;E325K;Q394T;A413E;V415I;A420S,1.4663409754871322,0.14225330624999993,0.11315603906249994,0.113156039;0.21014693;0.113156039;0.129321187;0.145486336,0.9870080828666687,0.0029562950134277345,-0.00041556358337402344,4,0.00470036268;-0.000415563583;0.00518637896;0.00436961651;0.000940680504,0.0002794146537780762,-0.0003554821014404297,0;-0.000355482101;0;0.00175255537;0,1.416249966621399,0.24746405644718822,0.9998205304145813,114,-11.911936577409506,3.5641329288482666,3,-5.3,14.04241216908373
PH20_POOL_0223,S23T;E32V;K131R;H194D;M311F;D321K;Q394T;A413E;D417K;A420T,1.4531907238594675,0.16326799921875015,0.11315603906249994,0.15356891;0.242477227;0.137403762;0.113156039;0.169734059,0.9869608640670776,0.0029090762138366697,0.00039070844650268555,5,0.0036290288;0.000390708447;0.00518637896;0.00485444069;0.000484824181,0.0007774233818054199,-0.0003554821014404297,0.000439941883;-0.000355482101;0;0.00380265713;0,1.6087501049041748,0.2111864171324693,0.9998205304145813,114,-14.046315480023623,3.7476394176483154,3,-5.699999999999999,14.04241216908373
PH20_POOL_0001,S23T;E32T;K131R;H194D;M311F;D321K;E325K;A413E;V415I;A420S,1.3959731454883386,0.12447164296874993,0.08890831640625008,0.0889083164;0.177816633;0.121238613;0.0969908906;0.137403762,0.9869673371315002,0.0029155492782592775,0.0,5,0.00570887327;0;0.00355857611;0.00436961651;0.000940680504,0.0006978392601013183,-0.0003554821014404297,0.000439941883;-0.000355482101;0;0.00340473652;0,1.268750047683716,0.2890076418578668,0.9998205304145813,114,-10.66271261870861,2.4532289505004883,3,-5.3,14.04241216908373
PH20_POOL_0031,S23T;E32V;K131R;H194D;I310L;D321K;E325K;A372T;A413E;A420S,1.3689182803552433,0.1325542171875,0.09699089062499988,0.0969908906;0.193981781;0.113156039;0.129321187;0.129321187,0.9865692377090454,0.0025174498558044435,-0.00041556358337402344,4,0.00249123573;-0.000415563583;0.00672066212;0.00330609083;0.000484824181,0.0010042309761047364,0.0,0.000439941883;0;0;0.004581213;0,1.3475000381469726,0.2616643443207761,0.9998089671134949,114,-2.080183759331703,7.160432815551758,3,-5.3,14.04241216908373
PH20_POOL_0007,S23T;E32T;H194D;V238L;M311F;D321K;E325K;A413E;V415I;A420T,1.3619617013844632,0.12285512812499996,0.09699089062499988,0.0969908906;0.177816633;0.105073465;0.105073465;0.129321187,0.986876928806305,0.002825140953063965,0.0,5,0.0036290288;0;0.00518637896;0.00436961651;0.000940680504,0.0005350589752197265,-0.0003554821014404297,0.000439941883;-0.000355482101;0;0.00259083509;0,1.2712500095367432,0.2834321265255139,0.999841570854187,114,-11.653826501220465,2.302812337875366,3,-5.7,14.04241216908373
PH20_POOL_0035,S23T;E32V;K131R;H194D;V238L;M311F;D321K;E393K;A413E;V415I,1.3596527800125302,0.1584184546874999,0.12932118749999955,0.137403762;0.242477227;0.145486336;0.129321187;0.137403762,0.98653324842453,0.0024814605712890625,0.00039070844650268555,5,0.00249123573;0.000390708447;0.00518637896;0.00385415554;0.000484824181,1.6891956329345702e-05,-0.0003554821014404297,0.000439941883;-0.000355482101;0;0;0,1.4275000810623169,0.2501970930188753,0.9998205304145813,114,-8.671661987900734,6.559443712234497,3,-5.7,14.04241216908373
PH20_POOL_0269,E32I;K131R;H194D;I310L;D321K;E325K;Q394T;A413E;V415I;A420T,1.3466527136094906,0.12770467265624993,0.07274316796875002,0.072743168;0.177816633;0.121238613;0.121238613;0.145486336,0.9868401050567627,0.0027883172035217283,0.00039070844650268555,5,0.00249123573;0.000390708447;0.00672066212;0.00385415554;0.000484824181,0.00035051107406616213,0.0,0;0;0;0.00175255537;0,1.2550000429153443,0.289967283204152,0.9998313188552856,114,-7.8106092400848866,4.87995719909668,3,-5.3,14.04241216908373
PH20_POOL_0010,S23T;E32V;K131R;H194D;M311F;D321K;E325K;A413E;V415I;D419E,1.3392150317103584,0.15033588046874993,0.11315603906250038,0.113156039;0.226312078;0.121238613;0.137403762;0.15356891,0.986555528640747,0.0025037407875061037,-0.00041556358337402344,4,0.00470036268;-0.000415563583;0.00355857611;0.00330609083;0.0013692379,0.0005229592323303222,0.0,0.000439941883;0;0;0.00217485428;0,1.1887500524520873,0.3121601018107867,0.9998089671134949,114,-6.943735361099243,5.3154497146606445,3,-5.3,14.04241216908373
PH20_POOL_0009,S23T;E32V;K131R;H194D;I310L;D321K;E325K;A372E;V415I;A420S,1.3372496301825283,0.13740376171874988,0.08890831640625008,0.0889083164;0.21014693;0.113156039;0.129321187;0.145486336,0.9865148067474365,0.0024630188941955566,0.00039070844650268555,5,0.00249123573;0.000390708447;0.00518637896;0.00330609083;0.000940680504,0.0007491827011108399,0.0,0.000439941883;0;0;0.00300079584;0.000305175781,1.3962500810623169,0.2552621798266437,0.999841570854187,114,-1.9973058961331844,8.292778730392456,3,0.0,14.04241216908373
PH20_POOL_0134,E32I;Q144N;H194D;M311F;D321K;E325K;Q394T;A413E;V415I;A420S,1.3367636754903607,0.1406367914062499,0.08082574218750027,0.0808257422;0.226312078;0.121238613;0.129321187;0.145486336,0.9869907021522522,0.0029389142990112306,-0.00041556358337402344,4,0.00470036268;-0.000415563583;0.00518637896;0.00385415554;0.0013692379,8.956193923950195e-05,0.0,0;0;0;0.000447809696;0,1.4862499475479125,0.2274990133044039,0.9998313188552856,114,-16.889610841870308,2.5340073108673096,3,-5.3,14.04241216908373
PH20_POOL_0051,S23T;E32T;K131R;H194D;M311F;D321K;E325K;A413E;D417E;A420T,1.3136748941838978,0.13740376171875016,0.09699089062499988,0.0969908906;0.193981781;0.129321188;0.105073465;0.161651484,0.9867714285850525,0.0027196407318115234,0.0,5,0.00470036268;0;0.00355857611;0.00485444069;0.000484824181,0.0006978392601013183,-0.0003554821014404297,0.000439941883;-0.000355482101;0;0.00340473652;0,1.2762499094009399,0.2890410754338682,0.9998205304145813,114,-13.23735160753131,1.5361950397491455,3,-5.3,14.04241216908373
PH20_POOL_0044,S23T;E32I;K131R;H194D;I310L;D321K;E325K;A372E;V415I;D419E,1.3120837626391844,0.14225330625000013,0.10507346484375013,0.105073465;0.193981781;0.121238613;0.129321187;0.161651484,0.9863946795463562,0.002342891693115234,0.00039070844650268555,5,0.00128293037;0.000390708447;0.00518637896;0.00436961651;0.000484824181,0.0005350589752197265,-0.0003554821014404297,0.000439941883;-0.000355482101;0;0.00259083509;0,1.3737500667572022,0.26344408760716453,0.9998313188552856,114,-2.8881539292633533,7.476658344268799,3,0.0,14.04241216908373
PH20_POOL_0092,E32V;K131R;H194D;M311F;D321K;Q350R;E393Q;A413E;V415I;A420S,1.289921268813181,0.15356891015625013,0.11315603906249994,0.15356891;0.242477227;0.145486336;0.113156039;0.113156039,0.9865488767623901,0.0024970889091491697,-0.00041556358337402344,4,0.00249123573;-0.000415563583;0.00518637896;0.00385415554;0.0013692379,0.0006978392601013183,-0.0003554821014404297,0.000439941883;-0.000355482101;0;0.00340473652;0,1.5350000619888307,0.21783383179944013,0.9997965693473816,114,-12.864045031368732,4.8964948654174805,3,-5.3,14.04241216908373
PH20_POOL_0064,S23T;E32I;H194D;I310L;D321K;E325K;A372E;Q394T;V415I;A420S,1.27943678908144,0.13578724687500002,0.07274316796875002,0.072743168;0.21014693;0.113156039;0.121238613;0.161651484,0.9866045713424683,0.002552783489227295,0.0,5,0.00128293037;0.000390708447;0.00672066212;0.00436961651;0,0.0002648115158081055,0.0,0;0;0;0.00132405758;0,1.5600000858306884,0.21518680139832724,0.999841570854187,114,-7.581801190972328,5.725341558456421,3,0.0,14.04241216908373
PH20_POOL_0249,E32V;K131R;H194D;I310L;D321K;E325K;Q394T;A413E;D417E;A420T,1.2579882299128289,0.1293211875,0.10507346484374969,0.105073465;0.177816633;0.121238613;0.105073465;0.137403762,0.9864916443824768,0.00243985652923584,0.00039070844650268555,5,0.00128293037;0.000390708447;0.00518637896;0.00485444069;0.000484824181,0.0010042309761047364,0.0,0.000439941883;0;0;0.004581213;0,1.3024999856948853,0.2758587477195772,0.9998313188552856,114,-9.644470538944006,4.149899244308472,3,-5.3,14.04241216908373
PH20_POOL_0011,S23T;E32I;H194D;I310L;M314R;D321K;E325K;A372E;A413E;A420S,1.2487813466185096,0.10507346484374995,0.04849544531250016,0.0484954453;0.177816633;0.0889083164;0.105073465;0.105073465,0.9866551637649537,0.0026033759117126466,0.0,5,0.00249123573;0;0.00518637896;0.00485444069;0.000484824181,8.956193923950195e-05,0.0,0;0;0;0.000447809696;0,1.7250000476837157,0.18355837045642828,0.9998313188552856,114,-6.4713379219174385,6.454862117767334,3,-5.3,14.04241216908373
PH20_POOL_0211,E32V;K131R;H194D;D321K;E325K;A372T;Q394T;A413E;V415I;A420S,1.2437351048431722,0.12770467265624993,0.09699089062499944,0.0969908906;0.193981781;0.105073465;0.0969908906;0.145486336,0.986573052406311,0.0025212645530700685,0.0,5,0.0036290288;0;0.00518637896;0.00330609083;0.000484824181,0.0007689356803894043,0.0,0.000439941883;0;0;0.00340473652;0,1.2937500476837158,0.2746316778481931,0.9998205304145813,114,-11.929571058601141,3.1782381534576416,3,-5.3,14.04241216908373
PH20_POOL_0061,E32V;K131R;H194D;M311F;M314R;D321K;A372E;E393K;A413E;V415I,1.228645734813075,0.14063679140625016,0.11315603906249994,0.113156039;0.226312078;0.129321188;0.113156039;0.121238613,0.9865046739578247,0.00245288610458374,0.0,5,0.00128293037;0;0.00518637896;0.00485444069;0.000940680504,0.0005960941314697265,-0.0003554821014404297,0.000439941883;-0.000355482101;0;0.00259083509;0.000305175781,1.7774998664855957,0.1750778062024735,0.9998205304145813,114,-16.796397920697927,5.323429584503174,3,-5.3,14.04241216908373
PH20_POOL_0387,S23T;E32V;K131R;V238L;M311F;D321K;Q350R;A372T;A413E;V415I,1.2264004875489032,0.16488451406250001,0.12932118749999955,0.145486336;0.242477227;0.145486336;0.129321187;0.161651484,0.9863454937934876,0.002293705940246582,0.0,5,0.00249123573;0;0.00518637896;0.00330609083;0.000484824181,7.792711257934571e-05,-0.0003554821014404297,0.000439941883;-0.000355482101;0;0;0.000305175781,1.0362499475479126,0.3594856935224459,0.9997965693473816,114,-12.022869527339935,5.014875411987305,3,-5.7,14.683852653805417
PH20_POOL_0215,S23T;E32V;H194D;V238L;M311F;D321K;Q350R;E393Q;A413E;A420T,1.2200098346380757,0.16488451406250001,0.11315603906249994,0.161651484;0.274807523;0.137403762;0.137403762;0.113156039,0.9862623810768127,0.0022105932235717773,-0.00041556358337402344,4,0.00249123573;-0.000415563583;0.00518637896;0.00330609083;0.000484824181,0.00045186281204223633,-0.0003554821014404297,0.000439941883;-0.000355482101;0;0.00217485428;0,1.6362502336502076,0.19889525236241865,0.9998205304145813,114,-10.277777921408415,5.8493640422821045,3,-5.7,14.04241216908373
PH20_POOL_0022,S23T;E32I;H194D;M311F;D321K;E325K;A372E;A413E;V415I;A420S,1.217300894553285,0.14063679140625,0.08890831640625008,0.113156039;0.21014693;0.0889083164;0.137403762;0.15356891,0.9865025877952576,0.0024507999420166015,-0.00041556358337402344,4,0.0036290288;-0.000415563583;0.00518637896;0.00385415554;0,0.00043849945068359376,0.0,0.000439941883;0;0;0.00175255537;0,1.4737501382827758,0.23154106117666104,0.9998205304145813,114,-12.033429432660341,3.4190289974212646,2,-5.3,14.04241216908373
PH20_POOL_0039,E32T;K131R;H194D;M311F;D321K;E325K;A372E;Q394T;V415I;A420S,1.212799514231743,0.13902027656250002,0.09699089062499944,0.113156039;0.193981781;0.145486336;0.0969908906;0.145486336,0.9866632223129272,0.002611434459686279,-0.00041556358337402344,4,0.00249123573;-0.000415563583;0.00518637896;0.00485444069;0.000940680504,0.00043497085571289065,0.0,0;0;0;0.00217485428;0,1.4837499141693116,0.23165648716222526,0.9998205304145813,114,-19.05059101060033,0.6011412143707275,3,0.0,14.04241216908373
PH20_POOL_0146,S23T;E32I;K131R;H194D;I310L;D321K;E325K;Q350R;A372E;A413E,1.2080280289221859,0.13578724687500002,0.08890831640625008,0.0889083164;0.21014693;0.121238613;0.129321187;0.129321187,0.9862915873527527,0.0022397994995117187,0.00039070844650268555,5,0.00128293037;0.000390708447;0.00518637896;0.00385415554;0.000484824181,0.00045186281204223633,-0.0003554821014404297,0.000439941883;-0.000355482101;0;0.00217485428;0,1.431249976158142,0.24441435836503628,0.9998205304145813,114,-5.243698053061962,6.150205612182617,3,-5.3,14.04241216908373
PH20_POOL_0102,S23T;E32T;K131R;H194D;M311F;D321K;A372E;E393K;V415I;A420T,1.1961630788184159,0.14548633593749996,0.10507346484374969,0.137403762;0.21014693;0.137403762;0.105073465;0.137403762,0.9864449501037598,0.0023931622505187987,0.0,5,0;0.000390708447;0.00672066212;0.00436961651;0.000484824181,0.0005982398986816406,-0.0003554821014404297,0.000866651535;-0.000355482101;0;0.00217485428;0.000305175781,1.630000066757202,0.2078969576357161,0.9998313188552856,114,-15.752271935343742,3.983938217163086,3,0.0,14.04241216908373
PH20_POOL_0002,S23T;E32T;H194D;M311F;M314R;D321K;E325K;A372E;A413E;A420S,1.1945121395376637,0.10992300937500019,0.07274316796875002,0.0808257422;0.193981781;0.105073465;0.072743168;0.0969908906,0.9866632223129272,0.002611434459686279,-0.00041556358337402344,4,0.00249123573;-0.000415563583;0.00518637896;0.00531029701;0.000484824181,0.0004995346069335937,0.0,0.000439941883;0;0;0.00175255537;0.000305175781,1.7474999189376832,0.17968910862605078,0.9998205304145813,114,-15.9444658793509,1.8296256065368652,3,-5.3,14.04241216908373
PH20_POOL_0101,E32V;K131R;H194D;V238L;I310L;D321K;E325K;A372E;Q394T;V415I,1.1944109381317674,0.1244716429687502,0.08082574218750027,0.0808257422;0.193981781;0.129321188;0.105073465;0.113156039,0.9863946795463562,0.002342891693115234,0.00039070844650268555,5,0.00128293037;0.000390708447;0.00518637896;0.00436961651;0.000484824181,0.0002648115158081055,0.0,0;0;0;0.00132405758;0,1.3812500476837157,0.25466942509859447,0.9998511075973511,114,-7.369867485016584,6.205748081207275,3,-0.40000000000000036,14.04241216908373
PH20_POOL_0082,E32I;K131R;H194D;M311F;M314R;D321K;E393Q;A413E;V415I;A420S,1.1931808627424005,0.14548633593749996,0.08890831640625008,0.121238613;0.258642375;0.15356891;0.105073465;0.0889083164,0.9864260196685791,0.0023742318153381348,0.0,5,0.00470036268;0;0.00183153152;0.00485444069;0.000484824181,0.0002648115158081055,0.0,0;0;0;0.00132405758;0,1.683750057220459,0.19236651807005217,0.9998205304145813,114,-12.777619790285826,5.616528034210205,3,-5.3,14.04241216908373
PH20_POOL_0034,S23T;E32V;Q144N;H194D;V238L;M311F;D321K;E325K;A372E;A420S,1.188985969100919,0.1551854249999999,0.10507346484375013,0.129321187;0.258642375;0.105073465;0.145486336;0.137403762,0.9862564206123352,0.002204632759094238,-0.0005154609680175781,4,0.0036290288;0;0.00518637896;0.00272321701;-0.000515460968,0.00026581287384033205,0.0,0.000439941883;0;0;0.000889122486;0,1.5862500190734863,0.20668415233289386,0.9998205304145813,114,-10.327690217643976,6.400734186172485,3,-0.40000000000000036,14.04241216908373
PH20_POOL_0015,S23T;E32T;H194D;M311F;M314R;D321K;E393Q;A413E;V415I;A420T,1.1856810888891112,0.13093770234375005,0.09699089062499944,0.113156039;0.21014693;0.137403762;0.0969908906;0.0969908906,0.9864077091217041,0.002355921268463135,0.0,5,0.00128293037;0;0.00518637896;0.00436961651;0.000940680504,0.0007734894752502441,0.0,0.000866651535;0;0;0.00300079584;0,1.806250023841858,0.17282626452184258,0.9998205304145813,114,-14.036274991929531,3.8324778079986572,3,-5.3,14.04241216908373
PH20_POOL_0004,S23T;E32V;H194D;M311F;D321K;E325K;A372E;E393Q;A413E;V415I,1.18481233941855,0.14225330624999993,0.10507346484375013,0.105073465;0.258642375;0.113156039;0.121238613;0.113156039,0.9862334251403808,0.0021816372871398928,-0.00041556358337402344,4,0.00128293037;-0.000415563583;0.00518637896;0.00436961651;0.000484824181,0.0004249095916748047,-0.0003554821014404297,0;-0.000355482101;0;0.00217485428;0.000305175781,1.5325000524520873,0.21904411889542752,0.9998089671134949,114,-8.857634235173464,4.41518235206604,3,-5.3,14.04241216908373
PH20_POOL_0280,S23T;E32V;K131R;Q144N;H194D;M311F;D321K;Q350R;V415I;D419E,1.1785346079922427,0.1697340585937499,0.1454863359374996,0.169734059;0.226312078;0.145486336;0.145486336;0.161651484,0.9860241293907166,0.001972341537475586,0.0,5,0;0;0.00518637896;0.00330609083;0.0013692379,0.0008442163467407227,-0.0003554821014404297,0.000866651535;-0.000355482101;0;0.00340473652;0.000305175781,1.5387499332427979,0.22106285271899326,0.9998205304145813,114,-11.212684985250235,7.921688556671143,3,0.0,14.04241216908373
PH20_POOL_0202,S23T;E32I;K131R;H194D;I310L;M314R;D321K;A413E;V415I;A420T,1.1696396569643785,0.1244716429687501,0.08890831640625008,0.0889083164;0.193981781;0.121238613;0.0969908906;0.121238613,0.9861660838127136,0.0021142959594726562,0.00039070844650268555,5,0.00128293037;0.000390708447;0.00355857611;0.00485444069;0.000484824181,0.0005229592323303222,0.0,0.000439941883;0;0;0.00217485428;0,1.637500023841858,0.20939415153158725,0.9998313188552856,114,-4.571702569723129,8.931806325912476,2,-5.3,14.04241216908373
PH20_POOL_0020,S23T;E32T;K131R;H194D;M311F;D321K;E325K;Q394T;A413E;D419E,1.15911301199777,0.1293211874999999,0.09699089062499944,0.105073465;0.177816633;0.113156039;0.0969908906;0.15356891,0.9864288330078125,0.002377045154571533,-0.00041556358337402344,4,0.00249123573;-0.000415563583;0.00355857611;0.00531029701;0.000940680504,1.6891956329345702e-05,-0.0003554821014404297,0.000439941883;-0.000355482101;0;0;0,1.3200000286102296,0.2787078447378292,0.9998089671134949,114,-14.037094544619322,0.7288620471954346,3,-5.3,14.04241216908373
PH20_POOL_0290,E32I;K131R;H194D;M311F;D321K;E325K;Q394T;A413E;D417E;A420S,1.158272888073573,0.1519523953125,0.10507346484375013,0.105073465;0.21014693;0.137403762;0.137403762;0.169734059,0.9864340782165527,0.0023822903633117674,-0.00041556358337402344,4,0.00470036268;-0.000415563583;0.00183153152;0.00485444069;0.000940680504,1.8465518951416016e-05,-0.0003554821014404297,0;-0.000355482101;0;0.000447809696;0,1.3150000333786012,0.272439630853553,0.9998089671134949,114,-17.113574858754873,1.2802424430847168,3,-5.3,14.04241216908373
PH20_POOL_0005,S23T;E32V;H194D;M311F;M314R;D321K;E393Q;A413E;V415I;A420S,1.156399200702529,0.14063679140625,0.08890831640625008,0.113156039;0.258642375;0.113156039;0.129321187;0.0889083164,0.9862406969070434,0.0021889090538024904,-0.00041556358337402344,4,0.00249123573;-0.000415563583;0.00355857611;0.00436961651;0.000940680504,0.0005181670188903808,0.0,0;0;0;0.00259083509;0,1.821250081062317,0.1674462938362567,0.9998205304145813,114,-10.15620781108737,6.642926216125488,3,-5.3,14.04241216908373
PH20_POOL_0038,S23T;E32V;K131R;H194D;V238L;I310L;D321K;E325K;A413E;A420T,1.143882151456232,0.12608815781250007,0.09699089062499988,0.0969908906;0.193981781;0.121238613;0.105073465;0.113156039,0.9859660267829895,0.001914238929748535,0.00039070844650268555,5,0.00128293037;0.000390708447;0.00355857611;0.00385415554;0.000484824181,0.0006061553955078125,0.0,0.000439941883;0;0;0.00259083509;0,1.2249999523162842,0.30203792237814636,0.9998313188552856,114,0.5164452120661736,8.059805154800415,3,-5.7,14.04241216908373
PH20_POOL_0111,E32I;K131R;H194D;I310L;D321K;E325K;A372T;A413E;V415I;D419E,1.1423429713189512,0.13093770234375013,0.08890831640625008,0.0889083164;0.193981781;0.137403762;0.105073465;0.129321187,0.9862076878547669,0.002155900001525879,0.00039070844650268555,5,0.00249123573;0.000390708447;0.00355857611;0.00385415554;0.000484824181,0.00041154623031616213,0.0,0;0;0;0.00175255537;0.000305175781,1.2112499475479126,0.30030078260294657,0.9998313188552856,114,-6.477341517806053,5.2410266399383545,3,-5.3,14.04241216908373
PH20_POOL_0006,S23T;E32T;H194D;M311F;D321K;E325K;A372T;A413E;V415I;D419E,1.1409973990987825,0.1325542171875001,0.09699089062499988,0.0969908906;0.193981781;0.129321188;0.105073465;0.137403762,0.9863719940185547,0.0023202061653137206,-0.00041556358337402344,4,0.00249123573;-0.000415563583;0.00518637896;0.00385415554;0.000484824181,0.0008299708366394043,0.0,0.000439941883;0;0;0.00340473652;0.000305175781,1.3300000429153442,0.2654385917580147,0.9998205304145813,114,-14.324170801788568,1.1147539615631104,3,-5.3,14.04241216908373
PH20_POOL_0176,S23T;E32V;H194D;I310L;D321K;E325K;A372T;Q394T;A413E;D417E,1.1392546408382138,0.13417073203125005,0.11315603906250038,0.113156039;0.177816633;0.121238613;0.121238613;0.137403762,0.9861118912696838,0.0020601034164428713,-0.00041556358337402344,4,0.00128293037;-0.000415563583;0.00518637896;0.00330609083;0.000940680504,0.0006001591682434082,0.0,0;0;0;0.00300079584;0,1.465000033378601,0.23197081148675577,0.9997965693473816,114,-9.161362208425999,4.20142674446106,3,-5.3,14.04241216908373
PH20_POOL_0279,S23T;E32I;K131R;H194D;D321K;E325K;A372E;Q394T;A413E;V415I,1.1377227293165024,0.1325542171875001,0.08082574218750027,0.0808257422;0.193981781;0.121238613;0.129321187;0.137403762,0.9863107800483704,0.0022589921951293944,0.00039070844650268555,5,0.00249123573;0.000390708447;0.00355857611;0.00436961651;0.000484824181,0.0,0.0,0;0;0;0;0,1.3600000143051147,0.2635119091626778,0.9998511075973511,114,-9.597417309880257,3.4846951961517334,2,-5.3,14.04241216908373
PH20_POOL_0140,S23T;E32V;K131R;H194D;M311I;D321K;E325K;Q394T;A413E;D419E,1.1363727752184258,0.14386982109375007,0.11315603906250038,0.113156039;0.21014693;0.121238613;0.121238613;0.15356891,0.9860647678375244,0.002012979984283447,0.0,5,0.00128293037;0;0.00355857611;0.00385415554;0.0013692379,0.00010672807693481445,-0.0003554821014404297,0;-0.000355482101;0;0.000889122486;0,1.2100000143051148,0.30696332089636397,0.9998205304145813,114,-6.955626901239157,3.1478915214538574,3,-5.3,14.04241216908373
PH20_POOL_0179,S23T;E32V;H194D;M311V;D321K;E325K;Q394T;A413E;V415I;A420T,1.1274889262603858,0.12770467265625002,0.08890831640625008,0.0969908906;0.193981781;0.0889083164;0.105073465;0.15356891,0.9863046169281006,0.002252829074859619,0.0,5,0.00128293037;0;0.00518637896;0.00385415554;0.000940680504,8.956193923950195e-05,0.0,0;0;0;0.000447809696;0,1.2512499809265136,0.29119689083023337,0.999841570854187,114,-10.769620425999165,4.555036306381226,3,-5.3,14.04241216908373
PH20_POOL_0057,S23T;E32V;H194D;M311I;D321K;E325K;A372T;A413E;V415I;A420S,1.125999838532433,0.13578724687499993,0.08082574218749983,0.121238613;0.226312078;0.0808257422;0.113156039;0.137403762,0.9862090587615967,0.002157270908355713,0.00039070844650268555,5,0.0036290288;0.000390708447;0.00355857611;0.00272321701;0.000484824181,0.00043497085571289065,0.0,0;0;0;0.00217485428;0,1.2862501382827758,0.2779312380003714,0.9998313188552856,114,-7.247886676341295,3.822469472885132,3,-5.3,14.04241216908373
PH20_POOL_0046,S23T;E32I;H194D;V238L;M311F;D321K;E325K;A413E;D417E;A420S,1.1254951459713076,0.1519523953125,0.11315603906249994,0.113156039;0.242477227;0.113156039;0.145486336;0.145486336,0.9861289978027343,0.0020772099494934084,0.0,5,0.00470036268;0;0.00183153152;0.00385415554;0,0.00028760433197021483,-0.00031453371047973633,0;0;0;0.00175255537;-0.00031453371,1.3012500524520874,0.2753952638713225,0.9998313188552856,114,-11.088621445000172,3.328334093093872,3,-5.7,14.04241216908373
PH20_POOL_0072,S23T;E32V;K131R;Q144N;H194D;M311F;D321K;E325K;A413E;T418V,1.1235716838081409,0.14871936562499988,0.10507346484375013,0.105073465;0.226312078;0.137403762;0.129321187;0.145486336,0.9859958529472351,0.0019440650939941406,-0.00041556358337402344,4,0.0036290288;-0.000415563583;0.00183153152;0.00330609083;0.0013692379,0.00044707059860229494,-0.0003554821014404297,0;-0.000355482101;0;0.00259083509;0,1.3362499713897704,0.2697682325158135,0.9998089671134949,114,-5.502849821001291,6.953485012054443,3,-5.3,14.04241216908373
PH20_POOL_0313,S23T;E32V;K131R;H194D;V238L;M311F;E325K;Q394T;V415I;A420S,1.1235540052477035,0.17135057343750013,0.12932118750000043,0.15356891;0.274807523;0.129321188;0.137403762;0.161651484,0.9858564138412476,0.0018046259880065917,0.00039070844650268555,5,0.00128293037;0.000390708447;0.00355857611;0.00330609083;0.000484824181,0.0,0.0,0;0;0;0;0,1.4887499809265137,0.2347346994892831,0.999841570854187,114,-6.945351880043745,4.572214841842651,2,-0.40000000000000036,14.04241216908373
PH20_POOL_0024,S23T;E32V;H194D;I310L;D321K;E325K;A372E;Q394T;V415I;D419E,1.118874912517652,0.13578724687500002,0.09699089062499988,0.0969908906;0.193981781;0.113156039;0.121238613;0.15356891,0.9860599517822266,0.002008163928985596,0.0,5,0;0;0.00518637896;0.00485444069;0,0.0004138350486755371,0.0,0.000439941883;0;0;0.00132405758;0.000305175781,1.527500081062317,0.22107775565797072,0.999841570854187,114,-6.761271081864834,5.964089870452881,3,0.0,14.04241216908373
PH20_POOL_0246,S23T;E32I;K131R;H194D;V238L;I310L;D321K;E325K;A372E;Q394T,1.1150308976406054,0.14225330625000004,0.10507346484375013,0.105073465;0.193981781;0.137403762;0.137403762;0.137403762,0.985956859588623,0.00190507173538208,-0.0005154609680175781,4,0;0;0.00518637896;0.00485444069;-0.000515460968,8.956193923950195e-05,0.0,0;0;0;0.000447809696;0,1.446250081062317,0.24506816573158646,0.999841570854187,114,-4.85497897490859,6.781599521636963,3,-0.40000000000000036,14.04241216908373
PH20_POOL_0178,S23T;E32V;H194D;V238L;M311F;D321K;A372T;E393K;A413E;T418V,1.1134956851920217,0.16811754375000013,0.12932118749999955,0.15356891;0.274807523;0.129321188;0.129321187;0.15356891,0.9859237551689148,0.0018719673156738282,-0.00041556358337402344,4,0.00128293037;-0.000415563583;0.00518637896;0.00330609083;0,0.0005848765373229981,0.0,0.000866651535;0;0;0.00175255537;0.000305175781,1.5475000619888306,0.2151717565901804,0.9997965693473816,114,-10.398909501731396,5.919920444488525,3,-5.7,14.04241216908373
PH20_POOL_0382,S23T;E32V;H194D;M311I;D321K;E325K;Q394T;A413E;D417E;A420T,1.1130169515698147,0.14225330624999993,0.11315603906249994,0.113156039;0.226312078;0.113156039;0.113156039;0.145486336,0.9861261725425721,0.0020743846893310548,0.0,5,0;0.000390708447;0.00518637896;0.00385415554;0.000940680504,0.0003527998924255371,0.0,0.000439941883;0;0;0.00132405758;0,1.2887500286102296,0.28077367983445956,0.9998313188552856,114,-11.357787363231182,1.9152216911315918,3,-5.3,14.04241216908373
PH20_POOL_0013,S23T;E32V;K131R;H194D;V238L;M311F;D321K;E325K;A413E;A420S,1.1044943809806635,0.14871936562500004,0.12123861328125018,0.121238613;0.242477227;0.121238613;0.129321187;0.129321187,0.9859020829200744,0.001850295066833496,0.0,5,0.0036290288;0;0.00183153152;0.00330609083;0.000484824181,0.0002794146537780762,-0.0003554821014404297,0;-0.000355482101;0;0.00175255537;0,1.2499999761581422,0.2934389125348256,0.9998205304145813,114,-6.146070942282677,5.717582702636719,3,-5.7,14.04241216908373
PH20_POOL_0177,E32V;K131R;H194D;M311I;D321K;E325K;Q350R;A372E;A413E;A420S,1.1039063407536114,0.1438698210937499,0.09699089062499944,0.121238613;0.242477227;0.113156039;0.0969908906;0.145486336,0.9861831188201904,0.002131330966949463,0.00039070844650268555,5,0.00249123573;0.000390708447;0.00518637896;0.00210350752;0.000484824181,0.0004995346069335937,0.0,0.000439941883;0;0;0.00175255537;0.000305175781,1.330000066757202,0.2665604547372612,0.9998313188552856,114,-11.70840798318386,2.5022237300872803,3,-5.3,14.04241216908373
PH20_POOL_0027,S23T;E32I;H194D;M311F;D321K;E325K;A372E;E393Q;A413E;D419E,1.0979465673877145,0.1471028507812499,0.10507346484375013,0.105073465;0.258642375;0.113156039;0.137403762;0.121238613,0.9860458850860596,0.0019940972328186036,-0.00041556358337402344,4,0.00470036268;-0.000415563583;0.00183153152;0.00385415554;0,0.0001778244972229004,0.0,0;0;0;0.000889122486;0,1.5662500619888307,0.21336797009817662,0.9998089671134949,114,-10.213623896241188,3.260572910308838,3,-5.3,14.04241216908373
PH20_POOL_0180,S23T;E32T;K131R;H194D;M311F;D321K;Q350R;Q394T;V415I;A420S,1.086096434319176,0.16326799921874996,0.12932118749999955,0.161651484;0.21014693;0.161651484;0.129321187;0.15356891,0.9860647678375244,0.002012979984283447,0.0,5,0.00128293037;0;0.00355857611;0.00385415554;0.0013692379,0.0006814360618591309,-0.0003554821014404297,0.000866651535;-0.000355482101;0;0.00259083509;0.000305175781,1.58625009059906,0.21473337321690414,0.9998313188552856,114,-17.301329631358385,3.0231924057006836,3,0.0,14.04241216908373
PH20_POOL_0071,S23T;E32V;K131R;H194D;M311F;M314R;E325K;A413E;V415I;A420S,1.0854001376610416,0.13902027656250002,0.10507346484374969,0.137403762;0.21014693;0.121238613;0.105073465;0.121238613,0.9858959436416626,0.0018441557884216308,-0.00041556358337402344,4,0.00128293037;-0.000415563583;0.00355857611;0.00385415554;0.000940680504,0.0007689356803894043,0.0,0.000439941883;0;0;0.00340473652;0,1.6300000190734862,0.20493145043354105,0.9998205304145813,114,-6.336578655987978,5.188288450241089,2,-5.3,14.04241216908373
PH20_POOL_0351,S23T;E32I;K131R;H194D;V238L;D321K;E325K;A413E;D417E;A420T,1.0848539621341038,0.1406367914062499,0.10507346484375013,0.105073465;0.226312078;0.113156039;0.121238613;0.137403762,0.9859660267829895,0.001914238929748535,0.00039070844650268555,5,0.00128293037;0.000390708447;0.00355857611;0.00385415554;0.000484824181,2.6655197143554687e-05,-0.00031453371047973633,0;0;0;0.000447809696;-0.00031453371,1.1337499618530273,0.330907595908154,0.9998313188552856,114,-5.973575122654438,4.831650495529175,3,-5.7,14.04241216908373
PH20_POOL_0256,S23T;E32V;K131R;H194D;M311V;M314R;D321K;Q394T;V415I;A420S,1.0839968433090579,0.14710285078125002,0.09699089062499944,0.121238613;0.242477227;0.129321188;0.0969908906;0.145486336,0.986078429222107,0.002026641368865967,0.0,5,0.00128293037;0;0.00518637896;0.00272321701;0.000940680504,0.0001775503158569336,0.0,0.000439941883;0;0;0.000447809696;0,1.6362499475479126,0.20533124264189664,0.9998313188552856,114,-11.463672071695328,8.072011709213257,3,0.0,14.04241216908373
PH20_POOL_0058,S23T;E32V;H194D;I310L;D321K;E325K;A372T;A413E;V415I;A420T,1.0835802817685083,0.13417073203125013,0.08890831640625008,0.0889083164;0.193981781;0.113156039;0.113156039;0.161651484,0.9859405636787415,0.0018887758255004884,0.0,5,0;0;0.00672066212;0.00272321701;0,0.0010652661323547364,0.0,0.000439941883;0;0;0.004581213;0.000305175781,1.3687500715255738,0.25486069805837935,0.9998089671134949,114,-3.7999889962375164,6.89656925201416,3,-5.3,14.04241216908373
PH20_POOL_0212,S23T;E32I;H194D;V238L;I310L;D321K;E325K;A372T;A413E;A420T,1.0796303530969102,0.13417073203125005,0.08082574218750027,0.0808257422;0.193981781;0.113156039;0.129321187;0.15356891,0.9859830617904664,0.0019312739372253419,-0.0005154609680175781,4,0.00249123573;0.000390708447;0.00518637896;0.00210350752;-0.000515460968,0.00043497085571289065,0.0,0;0;0;0.00217485428;0,1.33125,0.2654030273234077,0.9998313188552856,114,-3.6960097439587116,6.482581853866577,3,-5.7,14.04241216908373
PH20_POOL_0166,S23T;E32V;K131R;H194D;M311F;D321K;E325K;Q394T;A413E;D417E,1.078056439030295,0.15680193984375004,0.12123861328125018,0.121238613;0.242477227;0.129321188;0.137403762;0.15356891,0.9859990358352662,0.0019472479820251466,-0.00041556358337402344,4,0.00128293037;-0.000415563583;0.00355857611;0.00436961651;0.000940680504,0.0002794146537780762,-0.0003554821014404297,0;-0.000355482101;0;0.00175255537;0,1.3224998712539673,0.27618361315549306,0.9998089671134949,114,-12.48233436793089,3.2494516372680664,3,-5.3,14.04241216908373
PH20_POOL_0333,S23T;E32I;K131R;H194D;M311F;D321K;Q394T;A413E;V415I;D419E,1.0730791810594327,0.16973405859375007,0.12123861328125018,0.121238613;0.242477227;0.161651484;0.15356891;0.169734059,0.985965371131897,0.0019135832786560058,0.00039070844650268555,5,0.00249123573;0.000390708447;0.00183153152;0.00436961651;0.000484824181,0.0001775503158569336,0.0,0.000439941883;0;0;0.000447809696;0,1.490000104904175,0.23766474454795258,0.9998205304145813,114,-13.423659335821867,3.8311479091644287,1,-5.3,14.04241216908373
PH20_POOL_0163,S23T;E32V;K131R;H194D;I310L;M314R;D321K;Q394T;A413E;T418V,1.0710136313038539,0.13417073203125013,0.09699089062499988,0.0969908906;0.21014693;0.129321188;0.113156039;0.121238613,0.9858394145965577,0.0017876267433166505,-0.00041556358337402344,4,0;-0.000415563583;0.00355857611;0.00485444069;0.000940680504,0.0006881475448608399,0.0,0.000439941883;0;0;0.00300079584;0,1.7274999618530273,0.19152808844473015,0.9998205304145813,114,-4.427859656512737,8.431856155395508,2,-5.3,14.04241216908373
PH20_POOL_0300,S23T;E32I;H194D;I310L;M314R;D321K;Q350R;Q394T;A413E;V415I,1.0668479321706097,0.1406367914062499,0.10507346484374969,0.121238613;0.226312078;0.121238613;0.129321187;0.105073465,0.9859649181365967,0.0019131302833557129,-0.00041556358337402344,4,0;-0.000415563583;0.00518637896;0.00385415554;0.000940680504,8.798837661743164e-05,0.0,0.000439941883;0;0;0;0,1.7937499761581421,0.1717943462161947,0.9998205304145813,114,-10.767789401113987,6.676435708999634,3,-5.3,14.04241216908373
PH20_POOL_0144,S23T;E32V;K131R;H194D;M311F;D321K;A372T;E393K;A413E;D419E,1.0593723386229976,0.16973405859374982,0.13740376171874935,0.145486336;0.258642375;0.161651484;0.137403762;0.145486336,0.9857767820358276,0.0017249941825866698,-0.00041556358337402344,4,0;-0.000415563583;0.00518637896;0.00385415554;0,0.0009981393814086914,0.0,0.00128078461;0;0;0.00340473652;0.000305175781,1.6000001192092896,0.2083473756197779,0.9997965693473816,114,-11.934079013764858,5.37335467338562,3,-5.3,14.04241216908373
PH20_POOL_0370,S23T;E32I;H194D;M311F;D321K;Q350R;A372T;E393Q;A413E;A420S,1.0589072512194202,0.1729670882812501,0.1374037617187498,0.15356891;0.274807523;0.145486336;0.15356891;0.137403762,0.9858071804046631,0.001755392551422119,-0.00041556358337402344,4,0.00128293037;-0.000415563583;0.00518637896;0.00272321701;0,0.0005839943885803222,0.0,0.000439941883;0;0;0.00217485428;0.000305175781,1.7262501478195191,0.1785737098083566,0.999783456325531,114,-13.625828217715025,4.422557353973389,3,-5.3,14.04241216908373
PH20_POOL_0288,S23T;E32V;Q144N;H194D;M311F;D321K;E325K;A372T;A413E;T418S,1.0576557268947606,0.13740376171874996,0.09699089062500033,0.105073465;0.226312078;0.0969908906;0.121238613;0.137403762,0.9861739873886108,0.002122199535369873,-0.0008575320243835449,4,0.00249123573;-0.000857532024;0.00518637896;0.00330609083;0.000484824181,0.00043849945068359376,0.0,0.000439941883;0;0;0.00175255537;0,1.482499861717224,0.22768383179007046,0.9997965693473816,114,-15.559155523777008,3.0960705280303955,3,-5.3,14.04241216908373
PH20_POOL_0309,S23T;E32I;K131R;H194D;I310L;M314R;D321K;Q350R;A413E;T418V,1.047964313722192,0.14386982109375007,0.11315603906250038,0.113156039;0.226312078;0.137403762;0.121238613;0.121238613,0.9856985688209534,0.0016467809677124024,0.0,5,0;0;0.00355857611;0.00330609083;0.0013692379,0.0002628922462463379,0.0,0.000866651535;0;0;0.000447809696;0,1.5987499952316284,0.21289367645228507,0.9998205304145813,114,-4.138196796178818,9.126704216003418,3,-5.3,14.04241216908373
PH20_POOL_0100,S23T;E32I;K131R;H194D;M311I;D321K;E325K;A413E;V415I;D419E,1.0475902013238048,0.1438698210937499,0.09699089062499988,0.0969908906;0.242477227;0.105073465;0.129321187;0.145486336,0.9858694434165954,0.0018176555633544922,0.0,5,0.00128293037;0;0.00355857611;0.00330609083;0.000940680504,8.956193923950195e-05,0.0,0;0;0;0.000447809696;0,1.056250023841858,0.35615788500844037,0.999841570854187,114,-4.371836267411709,4.056138038635254,3,-5.3,14.04241216908373
PH20_POOL_0261,S23T;E32V;K131R;H194D;M311I;D321K;A372T;E393K;A413E;V415I,1.0455320774073262,0.155185425,0.12123861328124974,0.129321187;0.242477227;0.145486336;0.121238613;0.137403762,0.9857594490051269,0.0017076611518859863,0.0,5,0.00128293037;0.000390708447;0.00355857611;0.00330609083;0,0.0006083011627197266,0.0,0.000866651535;0;0;0.00217485428;0,1.4287500381469727,0.24269364159583795,0.9998089671134949,114,-7.794396597892046,5.268652439117432,3,-5.3,14.04241216908373
PH20_POOL_0070,S23T;E32V;K131R;H194D;I310L;M314R;D321K;E393Q;A413E;A420T,1.0391106256945848,0.12932118750000007,0.07274316796875002,0.113156039;0.226312078;0.129321188;0.105073465;0.072743168,0.9858006119728089,0.0017488241195678712,0.0,5,0;0.000390708447;0.00355857611;0.00385415554;0.000940680504,0.0006881475448608399,0.0,0.000439941883;0;0;0.00300079584;0,1.7912499189376831,0.18080315024813762,0.9998205304145813,114,-1.747182372957468,9.589470624923706,3,-5.3,14.04241216908373
PH20_POOL_0026,S23T;E32T;K131R;H194D;M311F;M314R;D321K;A372E;E393Q;A420S,1.038219375944285,0.1325542171875,0.08082574218749983,0.129321187;0.226312078;0.137403762;0.0808257422;0.0889083164,0.9860960006713867,0.0020442128181457518,-0.00041556358337402344,4,0.00128293037;-0.000415563583;0.00355857611;0.00485444069;0.000940680504,0.0003527998924255371,0.0,0.000439941883;0;0;0.00132405758;0,1.9749999284744262,0.14978775237659472,0.9998205304145813,114,-13.981450375169516,4.783220291137695,3,0.0,14.04241216908373
PH20_POOL_0286,S23T;E32V;K131R;Q144N;H194D;M311F;D321K;Q394T;V415I;A420S,1.0367666793407582,0.16326799921874988,0.1293211875,0.129321187;0.226312078;0.145486336;0.145486336;0.169734059,0.9857863306999206,0.0017345428466796875,-0.00041556358337402344,4,0.00128293037;-0.000415563583;0.00355857611;0.00330609083;0.000940680504,0.0006061553955078125,0.0,0.000439941883;0;0;0.00259083509;0,1.6912500858306885,0.19381325732562701,0.9998313188552856,114,-12.618264269083738,6.9880921840667725,2,0.0,14.04241216908373
PH20_POOL_0248,E32V;K131R;H194D;M311I;D321K;E325K;Q394T;A413E;D417E;A420S,1.031901553454862,0.1357872468750001,0.10507346484375013,0.105073465;0.193981781;0.121238613;0.121238613;0.137403762,0.9860391616821289,0.0019873738288879394,0.00039070844650268555,5,0.00249123573;0.000390708447;0.00183153152;0.00385415554;0.0013692379,0.0003638744354248047,-0.0003554821014404297,0;-0.000355482101;0;0.00217485428;0,1.2262500047683715,0.29707191653652704,0.9998205304145813,114,-13.131912682205439,1.0757994651794434,3,-5.3,14.04241216908373
PH20_POOL_0174,S23T;E32I;K131R;H194D;M311F;M314R;D321K;A413E;V415I;A420K,1.02944592471262,0.16003496953124996,0.12123861328125018,0.121238613;0.242477227;0.145486336;0.145486336;0.145486336,0.9858337044715881,0.0017819166183471679,0.0,5,0.00128293037;0;0.00183153152;0.00485444069;0.000940680504,0.0006881475448608399,0.0,0.000439941883;0;0;0.00300079584;0,1.6062501430511475,0.21158370375409538,0.9998313188552856,114,-12.860818222165108,5.006651878356934,3,-5.3,14.04241216908373
PH20_POOL_0189,S23T;E32I;H194D;I310L;D321K;E325K;A372T;Q394T;A413E;D419E,1.0292251181044059,0.13417073203124996,0.08082574218750027,0.0808257422;0.193981781;0.113156039;0.137403762;0.145486336,0.9859768390655518,0.001925051212310791,-0.00041556358337402344,4,0;-0.000415563583;0.00518637896;0.00436961651;0.000484824181,8.956193923950195e-05,0.0,0;0;0;0.000447809696;0,1.411250066757202,0.24504966384433285,0.9998313188552856,114,-7.916317705065012,4.304309606552124,3,-5.3,14.04241216908373
PH20_POOL_0304,S23T;E32V;K131R;H194D;V238L;M311F;E325K;A413E;V415I;A420T,1.0285723393600936,0.14548633593749988,0.11315603906249994,0.137403762;0.226312078;0.113156039;0.113156039;0.137403762,0.9856909990310669,0.0016392111778259278,0.0,5,0;0.000390708447;0.00355857611;0.00330609083;0.000940680504,0.0005229592323303222,0.0,0.000439941883;0;0;0.00217485428;0,1.3774998903274536,0.25874674214886695,0.9998313188552856,114,-4.633418954908848,4.608124732971191,1,-5.7,14.04241216908373
PH20_POOL_0019,S23T;E32V;H194D;M311F;M314R;D321K;E325K;A372E;A413E;T418V,1.0155070778558781,0.14871936562499996,0.08890831640625008,0.0889083164;0.274807523;0.113156039;0.121238613;0.145486336,0.9859010815620423,0.0018492937088012695,-0.00041556358337402344,4,0.00249123573;-0.000415563583;0.00183153152;0.00485444069;0.000484824181,0.0004995346069335937,0.0,0.000439941883;0;0;0.00175255537;0.000305175781,1.6274999141693116,0.200931215713232,0.9998205304145813,114,-10.137477789074183,5.729287147521973,3,-5.3,14.04241216908373
PH20_POOL_0066,E32V;K131R;Q144N;H194D;M311F;D321K;E325K;A372E;A413E;V415I,1.0142867932385498,0.1325542171875001,0.08890831640625008,0.0889083164;0.21014693;0.129321188;0.105073465;0.129321187,0.9860464334487915,0.001994645595550537,-0.00041556358337402344,4,0.00249123573;-0.000415563583;0.00355857611;0.00385415554;0.000484824181,0.0006671905517578125,0.0,0.000439941883;0;0;0.00259083509;0.000305175781,1.4712501049041748,0.23189637722552536,0.9998205304145813,114,-13.309133429080248,4.386583089828491,2,-5.3,14.04241216908373
PH20_POOL_0016,S23T;E32T;K131R;H194D;M311F;D321K;E325K;A372E;A413E;T418V,1.0088548620223576,0.1244716429687501,0.08082574218750027,0.0808257422;0.193981781;0.121238613;0.0889083164;0.137403762,0.9860316753387451,0.0019798874855041504,-0.00041556358337402344,4,0.0036290288;-0.000415563583;0.00183153152;0.00436961651;0.000484824181,0.0004284381866455078,-0.0003554821014404297,0.000439941883;-0.000355482101;0;0.00175255537;0.000305175781,1.3837501049041747,0.25737968672397626,0.9998205304145813,114,-10.827047195285559,2.1486332416534424,2,-5.3,14.04241216908373
PH20_POOL_0229,S23T;E32V;H194D;M311F;D321K;E325K;A372T;Q394T;A413E;T418V,1.008566393562356,0.16326799921874996,0.11315603906250038,0.113156039;0.258642375;0.137403762;0.129321187;0.177816633,0.9858189702033997,0.0017671823501586915,-0.00041556358337402344,4,0.0036290288;-0.000415563583;0.00183153152;0.00330609083;0.000484824181,0.00032684803009033205,0.0,0.000439941883;0;0;0.000889122486;0.000305175781,1.3750000715255737,0.2536070133668236,0.9997965693473816,114,-11.641176372766495,3.8674206733703613,3,-5.3,14.04241216908373
PH20_POOL_0088,S23T;E32V;H194D;V238L;M311F;D321K;E325K;A413E;D417E;A420T,1.0047530157568882,0.1584184546874999,0.11315603906249994,0.121238613;0.258642375;0.113156039;0.137403762;0.161651484,0.9857909202575683,0.0017391324043273925,0.0,5,0.00128293037;0;0.00355857611;0.00385415554;0,0.0005181670188903808,0.0,0;0;0;0.00259083509;0,1.2937500715255736,0.27827784905721326,0.9998313188552856,114,-10.39006618782878,4.1962268352508545,3,-5.7,14.04241216908373
PH20_POOL_0085,S23T;E32T;H194D;M311F;D321K;E325K;A372E;Q394T;A413E;A420T,1.0008829424517482,0.12770467265625002,0.08890831640624963,0.105073465;0.193981781;0.113156039;0.0889083164;0.137403762,0.986149525642395,0.0020977377891540526,-0.00041556358337402344,4,0.00249123573;-0.000415563583;0.00355857611;0.00436961651;0.000484824181,0.0005960941314697265,-0.0003554821014404297,0.000439941883;-0.000355482101;0;0.00259083509;0.000305175781,1.6149998903274536,0.20415772649691813,0.9998205304145813,114,-18.22242519631982,-0.2996659278869629,2,-5.3,14.04241216908373
PH20_POOL_0314,E32V;K131R;H194D;D321K;E325K;A372E;Q394T;A413E;V415I;A420T,1.0008229247389215,0.12285512812499996,0.08890831640624963,0.0889083164;0.177816633;0.105073465;0.0889083164;0.15356891,0.9860350012779235,0.0019832134246826174,0.0,5,0;0.000390708447;0.00518637896;0.00385415554;0.000484824181,0.0004995346069335937,0.0,0.000439941883;0;0;0.00175255537;0.000305175781,1.3750000953674317,0.2547797299277105,0.999841570854187,114,-12.838366150856018,2.910813093185425,2,-5.3,14.04241216908373
PH20_POOL_0295,S23T;E32V;K131R;H194D;V238L;M311F;D321K;Q350R;A372E;E393Q,0.993478752703489,0.17943314765625,0.13740376171874935,0.185899207;0.274807523;0.161651484;0.137403762;0.137403762,0.9855216860771179,0.001469898223876953,0.0,5,0;0;0.00355857611;0.00330609083;0.000484824181,0.0003410935401916504,-0.0003554821014404297,0.000866651535;-0.000355482101;0;0.000889122486;0.000305175781,1.7187500953674317,0.18562513423194094,0.9998205304145813,114,-9.8338454477489,7.1385955810546875,3,-0.40000000000000036,14.04241216908373
PH20_POOL_0003,S23T;E32V;H194D;I310L;M314R;D321K;E325K;A372E;A413E;V415I,0.9892715189515443,0.11153952421875006,0.06466059374999977,0.0646605937;0.21014693;0.0969908906;0.105073465;0.0808257422,0.9858787059783936,0.0018269181251525878,-0.0013620853424072266,4,-0.00136208534;0;0.00518637896;0.00436961651;0.000940680504,0.0005229592323303222,0.0,0.000439941883;0;0;0.00217485428;0,1.6437499284744264,0.19791662338882668,0.999841570854187,114,-5.150940757244825,7.3207855224609375,3,-5.3,14.04241216908373
PH20_POOL_0258,E32I;K131R;H194D;M311L;D321K;E325K;Q394T;A413E;V415I;A420S,0.9890518015414381,0.13093770234374985,0.08890831640625008,0.0889083164;0.21014693;0.113156039;0.0969908906;0.145486336,0.9859784007072449,0.0019266128540039063,0.0,5,0.00249123573;0;0.00183153152;0.00436961651;0.000940680504,2.421140670776367e-05,-0.00045353174209594727,-0.000453531742;0;0;0.000889122486;-0.00031453371,1.1362500190734863,0.3257158441674054,0.9998205304145813,114,-11.04003369435668,2.258899211883545,3,-5.3,14.04241216908373
PH20_POOL_0041,S23T;E32I;Q144N;H194D;M311F;D321K;E325K;A413E;V415I;D419E,0.9883557771737814,0.13740376171874988,0.08890831640625008,0.0889083164;0.21014693;0.113156039;0.129321187;0.145486336,0.9859101414680481,0.001858353614807129,-0.00041556358337402344,4,0.0036290288;-0.000415563583;0.00183153152;0.00330609083;0.000940680504,0.0,0.0,0;0;0;0;0,1.3600000619888306,0.25919342180422045,0.9998313188552856,114,-10.360442887991667,4.784287929534912,3,-5.3,14.04241216908373
PH20_POOL_0232,S23T;E32V;Q144N;H194D;M311F;D321K;E325K;A372S;A413E;A420T,0.9882991070891858,0.13740376171874996,0.08890831640625008,0.0889083164;0.226312078;0.0969908906;0.121238613;0.15356891,0.9859323263168335,0.0018805384635925293,-0.0008575320243835449,4,0.00128293037;-0.000857532024;0.00518637896;0.00330609083;0.000484824181,0.0007491827011108399,0.0,0.000439941883;0;0;0.00300079584;0.000305175781,1.382500123977661,0.25241367920865393,0.999783456325531,114,-11.591752015054226,5.957194566726685,3,-5.3,14.04241216908373
PH20_POOL_0203,S23T;E32V;H194D;M311F;D321K;Q350R;A372E;E393Q;D417E;A420S,0.9871803306296143,0.1729670882812499,0.13740376171874935,0.169734059;0.274807523;0.137403762;0.137403762;0.145486336,0.9856616973876953,0.0016099095344543457,0.0,5,0.00128293037;0;0.00355857611;0.00272321701;0.000484824181,0.0004121899604797363,0.0,0.000866651535;0;0;0.000889122486;0.000305175781,1.8899999380111694,0.1550156326243348,0.9997965693473816,114,-15.486484438180923,4.824845314025879,3,0.0,14.04241216908373
PH20_POOL_0147,S23T;E32V;K131R;H194D;V238L;M311F;D321K;Q350R;V415I;A420S,0.9861396696703228,0.18104966249999999,0.13740376171874935,0.177816633;0.274807523;0.145486336;0.137403762;0.169734059,0.9855377554893494,0.0014859676361083985,0.0,5,0.00128293037;0;0.00355857611;0.00210350752;0.000484824181,0.00028170347213745116,-0.0003554821014404297,0.000439941883;-0.000355482101;0;0.00132405758;0,1.433750057220459,0.24489576186226608,0.9998313188552856,114,-9.634155206382275,7.723227024078369,3,-0.40000000000000036,14.04241216908373
PH20_POOL_0193,S23T;E32V;K131R;H194D;I310L;M314R;D321K;Q394T;D417E;A420S,0.9854140648412856,0.1471028507812501,0.11315603906250038,0.113156039;0.258642375;0.121238613;0.121238613;0.121238613,0.9856312870979309,0.0015794992446899413,-0.0013620853424072266,4,-0.00136208534;0.000390708447;0.00355857611;0.00436961651;0.000940680504,0.0006881475448608399,0.0,0.000439941883;0;0;0.00300079584;0,1.8125000238418578,0.17716984496254454,0.9998089671134949,114,-8.604906540364027,8.165838479995728,3,0.0,14.04241216908373
PH20_POOL_0008,S23T;E32T;K131R;H194D;M311F;D321K;E325K;A372E;V415I;D419E,0.9827060780381197,0.13740376171875007,0.10507346484374969,0.113156039;0.177816633;0.137403762;0.105073465;0.15356891,0.9858684062957763,0.0018166184425354003,0.0,5,0.00249123573;0.000390708447;0.00183153152;0.00436961651;0,0.0007634282112121582,-0.0003554821014404297,0.000866651535;-0.000355482101;0;0.00300079584;0.000305175781,1.3725000381469727,0.26187973505283807,0.999841570854187,114,-12.578484132885933,2.85142183303833,3,0.0,14.04241216908373
PH20_POOL_0332,E32V;K131R;H194D;M311F;D321K;E325K;Q350R;A372E;A413E;T418S,0.981032533291673,0.14548633593750004,0.10507346484374969,0.145486336;0.21014693;0.137403762;0.105073465;0.129321187,0.9860464334487915,0.001994645595550537,-0.00041556358337402344,4,0.00249123573;-0.000415563583;0.00355857611;0.00385415554;0.000484824181,0.0006780862808227539,-0.0003554821014404297,0.000439941883;-0.000355482101;0;0.00300079584;0.000305175781,1.3987499475479126,0.24826157663170056,0.9998089671134949,114,-19.279601491987705,1.1752302646636963,3,-5.3,14.04241216908373
PH20_POOL_0099,S23T;E32V;H194D;V238L;M311F;M314R;D321K;Q394T;V415I;A420S,0.9795275208970634,0.16811754375000013,0.12932118749999955,0.145486336;0.274807523;0.129321188;0.129321187;0.161651484,0.9856512784957886,0.0015994906425476074,-0.00041556358337402344,4,0;-0.000415563583;0.00355857611;0.00436961651;0.000484824181,0.00026581287384033205,0.0,0.000439941883;0;0;0.000889122486;0,1.808750033378601,0.1700011534278655,0.9998313188552856,114,-13.627085447311401,6.930691719055176,3,-0.40000000000000036,14.04241216908373
PH20_POOL_0376,S23T;E32I;K131R;H194D;I310L;M314R;E325K;A372T;V415I;A420S,0.978868247499771,0.13417073203125005,0.11315603906249994,0.113156039;0.177816633;0.145486336;0.121238613;0.113156039,0.985458254814148,0.0014064669609069823,-0.0013620853424072266,4,-0.00136208534;0;0.00518637896;0.00272321701;0.000484824181,0.0006061553955078125,0.0,0.000439941883;0;0;0.00259083509;0,1.6199999570846557,0.2017266955799947,0.9998205304145813,114,-1.5170108675956726,7.957380533218384,3,0.0,14.04241216908373
PH20_POOL_0042,S23T;E32V;K131R;H194D;V238L;M311L;D321K;E325K;A413E;V415I,0.9733896059739062,0.13417073203124996,0.09699089062499988,0.0969908906;0.21014693;0.113156039;0.113156039;0.137403762,0.9856360912322998,0.001584303379058838,0.00039070844650268555,5,0.00249123573;0.000390708447;0.00183153152;0.00272321701;0.000484824181,1.8465518951416016e-05,-0.0003554821014404297,0;-0.000355482101;0;0.000447809696;0,1.024999976158142,0.366682772050378,0.9998313188552856,114,-1.9384086839854717,5.777236223220825,3,-5.7,14.04241216908373
PH20_POOL_0080,S23T;E32V;K131R;H194D;I310L;M314R;D321K;Q350R;A413E;V415I,0.9705093506546641,0.1390202765625001,0.08890831640625008,0.129321187;0.242477227;0.121238613;0.113156039;0.0889083164,0.9856388568878174,0.001587069034576416,-0.0013620853424072266,4,-0.00136208534;0;0.00355857611;0.00436961651;0.0013692379,0.00099489688873291,0.0,0.000866651535;0;0;0.00380265713;0.000305175781,1.6500000953674316,0.20082837564034578,0.9998205304145813,114,-4.8600420244038105,9.243872880935669,3,-5.3,14.04241216908373
PH20_POOL_0104,S23T;E32I;K131R;H194D;V238L;D321K;E325K;A372E;V415I;A420S,0.9638065622653338,0.14386982109374982,0.09699089062499988,0.0969908906;0.226312078;0.113156039;0.129321187;0.15356891,0.9856575012207032,0.0016057133674621583,-0.0005154609680175781,4,0.00249123573;0.000390708447;0.00355857611;0.00210350752;-0.000515460968,0.0,0.0,0;0;0;0;0,1.2549999237060547,0.29105771524581553,0.999841570854187,114,-5.238034855574369,6.435563325881958,3,-0.40000000000000036,14.04241216908373
PH20_POOL_0386,S23T;E32V;M311F;M314R;E325K;A372T;Q394T;A413E;V415I;A420S,0.9623846049789047,0.1357872468750001,0.11315603906249994,0.121238613;0.21014693;0.121238613;0.113156039;0.113156039,0.9858047723770141,0.0017529845237731934,-0.00041556358337402344,4,0.00128293037;-0.000415563583;0.00355857611;0.00385415554;0.000484824181,0.0,0.0,0;0;0;0;0,1.4200000762939453,0.24657895807534388,0.999783456325531,114,-13.245923727750778,1.8416743278503418,3,-5.3,18.769139199055367
PH20_POOL_0050,S23T;E32V;H194D;V238L;I310L;M314R;D321K;A372T;V415I;A420S,0.9559399626264808,0.13740376171875016,0.11315603906249994,0.121238613;0.21014693;0.121238613;0.113156039;0.121238613,0.985477864742279,0.0014260768890380859,-0.0013620853424072266,4,-0.00136208534;0;0.00518637896;0.00330609083;0,0.0007491827011108399,0.0,0.000439941883;0;0;0.00300079584;0.000305175781,1.7900001049041747,0.16888132118189378,0.999841570854187,114,-5.2184152491390705,9.922669649124146,3,-0.40000000000000036,14.04241216908373
PH20_POOL_0210,S23T;E32V;K131R;H194D;V238L;M311F;D321K;Q394T;V415I;D419E,0.955826648912057,0.17620011796874993,0.1454863359374996,0.15356891;0.258642375;0.145486336;0.145486336;0.177816633,0.9854654908180237,0.0014137029647827148,-0.00041556358337402344,4,0.00128293037;-0.000415563583;0.00183153152;0.00436961651;0,1.6891956329345702e-05,-0.0003554821014404297,0.000439941883;-0.000355482101;0;0;0,1.4825000286102294,0.2370338881998157,0.999841570854187,114,-10.886554725468159,6.212258577346802,2,-0.40000000000000036,14.04241216908373
PH20_POOL_0055,S23T;E32V;K131R;H194D;M311V;D321K;E325K;A372E;V415I;D419E,0.9545245793190958,0.14548633593750004,0.08890831640625008,0.0889083164;0.242477227;0.129321188;0.121238613;0.145486336,0.9857398390769958,0.0016880512237548828,0.00039070844650268555,5,0.00128293037;0.000390708447;0.00355857611;0.00272321701;0.000484824181,0.0001778244972229004,0.0,0;0;0;0.000889122486;0,1.225000023841858,0.30024812941123963,0.9998313188552856,114,-7.4557133466005325,6.65277361869812,3,0.0,14.04241216908373
PH20_POOL_0274,S23T;E32I;K131R;H194D;I310L;M314R;D321K;A372T;V415I;D419E,0.9441555346286342,0.15680193984374985,0.1293211875,0.129321187;0.21014693;0.15356891;0.145486336;0.145486336,0.9853588819503785,0.0013070940971374513,-0.0013620853424072266,4,-0.00136208534;0;0.00355857611;0.00385415554;0.000484824181,0.0007491827011108399,0.0,0.000439941883;0;0;0.00300079584;0.000305175781,1.6550000190734864,0.19802842245319557,0.9998313188552856,114,-5.546760704368353,9.597424268722534,3,0.0,14.04241216908373
PH20_POOL_0124,S23T;E32V;H194D;M311F;D321K;E325K;A372E;Q394T;D417E;A420S,0.9424422054908326,0.15680193984374996,0.10507346484375013,0.129321187;0.242477227;0.105073465;0.137403762;0.169734059,0.9858047723770141,0.0017529845237731934,-0.00041556358337402344,4,0.00128293037;-0.000415563583;0.00355857611;0.00385415554;0.000484824181,0.0007491827011108399,0.0,0.000439941883;0;0;0.00300079584;0.000305175781,1.612500214576721,0.20309876496418897,0.9998089671134949,114,-16.29876622185111,2.9935195446014404,3,0.0,14.04241216908373
PH20_POOL_0353,S23T;E32I;K131R;H194D;M311F;D321K;E325K;A372S;A413E;D417E,0.9412466228607139,0.1584184546875,0.11315603906250038,0.113156039;0.226312078;0.145486336;0.15356891;0.15356891,0.9857010245323181,0.0016492366790771484,-0.00041556358337402344,4,0.00249123573;-0.000415563583;0.00183153152;0.00385415554;0.000484824181,0.0001947164535522461,-0.0003554821014404297,0.000439941883;-0.000355482101;0;0.000889122486;0,1.17375009059906,0.3133884761643918,0.9997965693473816,114,-11.92401623353362,4.174026012420654,3,-5.3,14.04241216908373
PH20_POOL_0069,S23T;E32V;H194D;M311L;D321K;E325K;A372T;A413E;V415I;D419E,0.9410166474674843,0.13093770234375005,0.09699089062499988,0.0969908906;0.21014693;0.0969908906;0.113156039;0.137403762,0.9856813073158264,0.0016295194625854492,0.0,5,0.00128293037;0;0.00355857611;0.00330609083;0,0.0006061553955078125,0.0,0.000439941883;0;0;0.00259083509;0,1.1700000047683716,0.31126247415951025,0.9998089671134949,114,-6.946667779237032,3.9868252277374268,3,-5.3,14.04241216908373
PH20_POOL_0233,E32I;K131R;H194D;M311F;D321K;E325K;Q350R;A372E;A413E;D419E,0.9369329487591647,0.1551854249999999,0.1293211875,0.129321187;0.226312078;0.129321188;0.137403762;0.15356891,0.9857010245323181,0.0016492366790771484,-0.00041556358337402344,4,0.00249123573;-0.000415563583;0.00183153152;0.00385415554;0.000484824181,0.0004284381866455078,-0.0003554821014404297,0.000439941883;-0.000355482101;0;0.00175255537;0.000305175781,1.368750023841858,0.2573482537610501,0.9998205304145813,114,-15.854005701839924,2.417980670928955,3,-5.3,14.04241216908373
PH20_POOL_0306,E32I;K131R;Q144N;H194D;V238L;M311F;M314R;D321K;V415I;D419E,0.9369065886045362,0.15518542499999982,0.12123861328125018,0.121238613;0.226312078;0.15356891;0.129321187;0.145486336,0.9856455683708191,0.001593780517578125,0.0,5,0.00128293037;0;0.00183153152;0.00436961651;0.000484824181,0.0,0.0,0;0;0;0;0,1.651249885559082,0.1980475923952307,0.999841570854187,114,-13.858848176896572,7.651882886886597,3,-0.40000000000000036,14.04241216908373
PH20_POOL_0263,S23T;E32V;K131R;H194D;M311F;D321K;A372E;Q394T;A413E;V415I,0.9329069866592545,0.155185425,0.12123861328124974,0.121238613;0.226312078;0.137403762;0.121238613;0.169734059,0.9856455683708191,0.001593780517578125,0.0,5,0.00128293037;0;0.00183153152;0.00485444069;0,0.0003674030303955078,-0.0003554821014404297,0.000439941883;-0.000355482101;0;0.00175255537;0,1.7062501192092896,0.19055681431187807,0.9998313188552856,114,-14.650851022452116,3.9324069023132324,0,-5.3,14.04241216908373
PH20_POOL_0165,S23T;E32V;Q144N;H194D;V238L;M311F;D321K;E393Q;V415I;A420T,0.9324938295342163,0.1584184546875,0.12123861328125018,0.129321187;0.274807523;0.121238613;0.129321187;0.137403762,0.985458254814148,0.0014064669609069823,-0.0013620853424072266,4,-0.00136208534;0;0.00518637896;0.00272321701;0.000484824181,0.0001775503158569336,0.0,0.000439941883;0;0;0.000447809696;0,1.6487499475479126,0.19719959486960492,0.9998313188552856,114,-8.27460365742445,8.403586387634277,3,-0.40000000000000036,14.04241216908373
PH20_POOL_0181,S23T;E32V;H194D;I310L;M314R;D321K;A372T;Q394T;A413E;V415I,0.9305173816309265,0.13255421718750018,0.10507346484375013,0.105073465;0.193981781;0.137403762;0.113156039;0.113156039,0.985587477684021,0.0015356898307800292,-0.0013620853424072266,4,-0.00136208534;0;0.00518637896;0.00385415554;0,0.0007491827011108399,0.0,0.000439941883;0;0;0.00300079584;0.000305175781,1.8875000715255736,0.15474500156348017,0.9998205304145813,114,-9.807829551398754,6.971801519393921,2,-5.3,14.04241216908373
PH20_POOL_0241,S23T;E32V;K131R;H194D;M311V;M314R;D321K;A413E;V415I;A420T,0.9278575976859604,0.13255421718749982,0.09699089062499944,0.0969908906;0.226312078;0.113156039;0.0969908906;0.129321187,0.9856529712677002,0.0016011834144592286,-0.0013620853424072266,4,-0.00136208534;0.000390708447;0.00518637896;0.00330609083;0.000484824181,0.0007689356803894043,0.0,0.000439941883;0;0;0.00340473652;0,1.5162501335144043,0.22812443495307033,0.9998313188552856,114,-9.019128765910864,8.107921600341797,2,-5.3,14.04241216908373
PH20_POOL_0077,S23T;E32I;K131R;H194D;V238L;I310L;M314R;D321K;V415I;A420S,0.9272021536361602,0.13902027656250002,0.10507346484375013,0.105073465;0.226312078;0.129321188;0.121238613;0.113156039,0.9854051113128662,0.0013533234596252441,0.0,5,0;0;0.00355857611;0.00272321701;0.000484824181,0.0,0.0,0;0;0;0;0,1.6312501430511475,0.20771913132850245,0.9998089671134949,114,-2.7804491445422173,10.445024251937866,3,-0.40000000000000036,14.04241216908373
PH20_POOL_0106,S23T;E32V;K131R;H194D;D321K;E325K;Q350R;A372E;A413E;V415I,0.9240097197312258,0.14710285078124982,0.11315603906249994,0.129321187;0.226312078;0.113156039;0.137403762;0.129321187,0.9855216860771179,0.001469898223876953,0.0,5,0;0;0.00355857611;0.00330609083;0.000484824181,0.0005848765373229981,0.0,0.000866651535;0;0;0.00175255537;0.000305175781,1.306250023841858,0.27342276071509997,0.9998313188552856,114,-7.485682435333729,5.234411954879761,3,-5.3,14.04241216908373
PH20_POOL_0021,S23T;E32V;H194D;M311I;M314R;D321K;E325K;A372E;A413E;A420S,0.9238763288456584,0.12285512812499996,0.07274316796875002,0.0889083164;0.226312078;0.072743168;0.105073465;0.121238613,0.985778272151947,0.0017264842987060546,0.0,5,0.00128293037;0;0.00355857611;0.00330609083;0.000484824181,0.0001778244972229004,0.0,0;0;0;0.000889122486;0,1.6237498998641968,0.20087681038055,0.9998313188552856,114,-9.081647504121065,4.248655080795288,3,-5.3,14.04241216908373
PH20_POOL_0137,S23T;E32V;K131R;Q144N;H194D;M311F;D321K;A372E;E393K;V415I,0.9231236409803634,0.16165148437500002,0.12123861328125018,0.129321187;0.274807523;0.15356891;0.129321187;0.121238613,0.9855216860771179,0.001469898223876953,0.0,5,0;0;0.00355857611;0.00330609083;0.000484824181,0.0005137801170349121,-0.0003554821014404297,0.000866651535;-0.000355482101;0;0.00175255537;0.000305175781,1.771250057220459,0.17800594723145455,0.9998089671134949,114,-12.165978897362947,7.73347020149231,3,0.0,14.04241216908373
PH20_POOL_0252,E32V;K131R;M311F;M314R;D321K;A372E;E393Q;A413E;V415I;A420T,0.7567725559115306,0.13093770234374985,0.08890831640624963,0.0969908906;0.226312078;0.15356891;0.0889083164;0.0889083164,0.9854673981666565,0.0014156103134155273,0.0,5,0.00128293037;0;0;0.00485444069;0.000940680504,7.950067520141601e-05,-0.0003554821014404297,0;-0.000355482101;0;0.000447809696;0.000305175781,1.4049999713897705,0.25577737403567224,0.9997695088386536,114,-14.734613873064518,4.569926023483276,3,-5.3,14.95989440734575
PH20_POOL_0374,S23T;E32V;K131R;M311F;M314R;E325K;A372T;A413E;V415I;D419E,0.7160845798277701,0.13578724687500002,0.09699089062499944,0.121238613;0.242477227;0.121238613;0.0969908906;0.0969908906,0.9851577281951904,0.0011059403419494628,0.0,5,0.00128293037;0;0;0.00330609083;0.000940680504,0.0001775503158569336,0.0,0.000439941883;0;0;0.000447809696;0,1.1862500429153442,0.31123094113119465,0.9997965693473816,114,-8.428620014339685,3.5929911136627197,3,-5.3,14.95989440734575
