mutation,position,native,mutant,msa_frequency,native_frequency,blosum62,relative_sasa,ridgey_ddg_mean,ridgey_ddg_min,ridgey_ddg_positive_models,ridgey_lm_mean,ridgey_lm_min,potts_single_delta,independent_delta,ranking_score
Q350N,350,Q,N,0.2853451458102621,0.12956810631229235,0.0,0.2750414381988087,0.871484375,-0.138671875,4,5.01875,3.75,-7.737913608551025,0.8180807828903198,2.0646170563257473
E32V,32,E,V,0.5299695225194717,0.025397900440230273,-2.0,0.1585567165653353,0.96416015625,0.396484375,5,2.7,1.75,-1.637293815612793,2.947233200073242,2.037992064695746
D321K,321,D,K,0.32432432432432434,0.05405405405405406,-1.0,0.18320283831124237,1.3951171875,0.9453125,5,0.3,-2.5,-2.37081241607666,1.644838809967041,1.9717740312730008
E32I,32,E,I,0.24754486962411107,0.025397900440230273,-3.0,0.1585567165653353,1.08486328125,0.58544921875,5,2.7,1.625,-2.5665245056152344,2.4197988510131836,1.968964549157647
S23T,23,S,T,0.6870748299319728,0.15937803692905733,1.0,0.1261845214005378,0.428466796875,0.0048828125,5,1.375,-0.5,2.744476795196533,1.298208236694336,1.709756724026297
M314K,314,M,K,0.3561253561253561,0.03513770180436847,-1.0,0.3393340814893082,0.171875,-0.455078125,4,4.625,3.625,-1.0489540100097656,2.335787534713745,1.6710441504565086
I310L,310,I,L,0.1508038585209003,0.024437299035369776,2.0,0.030650462336038485,0.212109375,-0.0595703125,4,2.1375,0.8125,2.586394786834717,1.6381504535675049,1.518272450154361
M314R,314,M,R,0.11364355808800253,0.03513770180436847,-1.0,0.3393340814893082,0.52822265625,-0.11328125,4,2.65,1.875,-1.9321767091751099,1.2289915084838867,1.4816535385912128
E393K,393,E,K,0.11767420396862022,0.10982925703737886,1.0,0.2619791864531414,0.6790283203125,0.39453125,5,1.15,0.0,-1.656738042831421,0.2194809913635254,1.4738435678130941
E393Q,393,E,Q,0.1435163820950623,0.10982925703737886,2.0,0.2619791864531414,0.5446533203125,0.111328125,5,0.4,-0.5,1.273057460784912,0.3251523971557617,1.4438375022071104
H194D,194,H,D,0.34427284427284427,0.09362934362934362,-1.0,0.1610178434702397,0.30166015625,-0.13330078125,3,2.4375,1.6875,-0.6158387660980225,1.0560667514801025,1.4207391144009727
Q350H,350,Q,H,0.3019564414913252,0.12956810631229235,0.0,0.2750414381988087,0.738671875,0.1201171875,5,1.56875,-0.25,-6.046212196350098,0.5575869083404541,1.4166267093672196
H194N,194,H,N,0.22554697554697556,0.09362934362934362,1.0,0.1610178434702397,0.25048828125,0.078125,5,1.4875,0.3125,1.9456794261932373,0.8735424280166626,1.396136526589706
A372T,372,A,T,0.08889891696750903,0.1164259927797834,0.0,0.2995666892502118,0.49169921875,0.33984375,5,1.6125,0.5,-2.581155776977539,-0.25054454803466797,1.247920114736252
T418V,418,T,V,0.2346368715083799,0.10800744878957169,0.0,0.03510547139650919,0.27421875,-0.056640625,4,0.875,0.625,1.2445194721221924,0.6051881313323975,1.2241515866516461
A420T,420,A,T,0.2408906882591093,0.13562753036437247,0.0,0.3310549941842994,0.44541015625,0.23876953125,5,0.65,0.0,-1.270289659500122,0.19689178466796875,1.2108217016098883
M324L,324,M,L,0.4263639230526648,0.08356985178177231,2.0,0.005391197393035341,0.42265625,-0.16796875,4,0.625,-1.75,-4.0174665451049805,1.1854859590530396,1.1955493322100503
A420S,420,A,S,0.09716599190283401,0.13562753036437247,1.0,0.3310549941842994,0.265234375,-0.115234375,4,1.675,1.0,-1.1395683288574219,-0.14356660842895508,1.1829430165988186
D285E,285,D,E,0.21828817733990147,0.11699507389162561,2.0,0.45250185345590227,0.363720703125,-0.072265625,4,-0.025,-1.375,-0.13369536399841309,0.7618670463562012,1.1635442219916985
M36L,36,M,L,0.6898652982681206,0.03752405388069275,2.0,0.15238581275568244,0.194921875,-0.048828125,3,-0.025,-2.875,0.3823106288909912,2.8115134239196777,1.156409806122678
A372S,372,A,S,0.17102888086642598,0.1164259927797834,1.0,0.2995666892502118,0.42359619140625,0.06622314453125,5,0.775,0.0,-3.0712978839874268,0.21125030517578125,1.1264037163533396
E325K,325,E,K,0.08299147996213317,0.14484064373619437,1.0,0.3250515474611798,0.1847900390625,-0.3272705078125,3,0.975,0.5,1.80544114112854,-0.283890962600708,1.1254262859949575
K131R,131,K,R,0.5110002933411557,0.19155177471399237,2.0,0.1782174927415034,0.045068359375,-0.25146484375,2,0.55,-1.125,1.0017955303192139,0.7992444038391113,1.1190493351128237
K197E,197,K,E,0.07936507936507936,0.17055711173358232,1.0,0.5612294468692168,0.511376953125,0.4580078125,5,0.3375,-0.9375,-2.1403138637542725,-0.9831689596176147,1.0990819914126206
V415I,415,V,I,0.2708978328173375,0.1609907120743034,3.0,0.040331549825223446,0.132080078125,-0.27490234375,3,0.425,0.0,-0.5693572759628296,0.19492244720458984,1.0739426667141023
M311I,311,M,I,0.023622047244094488,0.06362204724409448,1.0,0.0,0.465234375,0.2919921875,5,0.6375,-2.0,-1.0398404598236084,-1.0954909324645996,1.039037827544387
A413E,413,A,E,0.024096385542168676,0.1927710843373494,-1.0,0.883136471624163,0.17060546875,-0.458984375,3,1.225,0.375,-1.4978431463241577,-1.545306921005249,1.0243975970904002
N357D,357,N,D,0.24826789838337182,0.2224788298691301,1.0,0.43819462764265504,0.109375,-0.11376953125,4,0.725,0.0,-0.0719447135925293,0.13470900058746338,1.0242688943112164
M311L,311,M,L,0.0352755905511811,0.06362204724409448,2.0,0.0,0.4331787109375,0.201171875,5,0.075,-2.375,-0.6604894399642944,-0.642449140548706,1.0213426444186686
T418I,418,T,I,0.329608938547486,0.10800744878957169,-1.0,0.03510547139650919,0.203857421875,0.01953125,5,0.225,-0.375,0.9972478747367859,1.081329107284546,1.0135740236434783
V74E,74,V,E,0.13615595491928115,0.1720986902223576,-2.0,0.4580658750496234,0.2489990234375,0.005859375,5,0.1375,-1.3125,0.584948718547821,-0.06174826622009277,0.9553751930777402
I71V,71,I,V,0.03751267320040554,0.03278134504900304,3.0,0.8013871796041122,0.0923828125,-0.224609375,3,0.5875,0.0625,1.0623152256011963,0.3174901008605957,0.9547604000587825
V238L,238,V,L,0.0559357334126748,0.03510859863135971,1.0,0.5691121477889262,-0.022607421875,-0.203125,2,1.4125,-0.25,0.18268346786499023,0.30836939811706543,0.8839912964783562
A372E,372,A,E,0.029783393501805054,0.1164259927797834,-1.0,0.2995666892502118,0.6417724609375,0.5350341796875,5,-0.1875,-2.0625,-3.327700614929199,-0.8584280014038086,0.8573331795169883
Q156E,156,Q,E,0.11169590643274854,0.17280701754385966,2.0,0.47240332586486355,-0.015234375,-0.181640625,2,0.125,-0.5,1.3317369222640991,0.09983181953430176,0.8385120898078199
M311V,311,M,V,0.08251968503937007,0.06362204724409448,1.0,0.0,0.394140625,-0.189453125,4,-0.2,-3.8125,-3.217409610748291,0.2868313789367676,0.8359355259790782
D419E,419,D,E,0.057803468208092484,0.12138728323699421,2.0,0.44333914617763437,0.1744140625,0.02734375,5,0.25,0.125,-1.1561393737792969,-0.4322526454925537,0.8330616799049125
E325Q,325,E,Q,0.05964026506784475,0.14484064373619437,2.0,0.3250515474611798,0.077587890625,-0.1534423828125,3,0.625,-0.125,-1.0292003154754639,-0.9338996410369873,0.8189397304765377
M314L,314,M,L,0.025007913896802784,0.03513770180436847,2.0,0.3393340814893082,0.22587890625,-0.02978515625,4,0.65,-0.375,-1.9798877239227295,-0.10110640525817871,0.8183212214484087
A420F,420,A,F,0.01417004048582996,0.13562753036437247,-2.0,0.3310549941842994,0.464453125,0.2412109375,5,0.825,-0.125,-1.9584686756134033,-2.1816177368164062,0.816829283411695
A420Y,420,A,Y,0.06477732793522267,0.13562753036437247,-2.0,0.3310549941842994,0.44326171875,0.1865234375,5,0.1,-1.0,-2.200380802154541,-0.9548096656799316,0.8163479846779665
Q350R,350,Q,R,0.14433370247323735,0.12956810631229235,1.0,0.2750414381988087,0.390234375,0.05859375,5,-0.86875,-2.3125,-2.6993517875671387,-0.018476009368896484,0.8008974391547617
Q144N,144,Q,N,0.1413011480718281,0.079187518398587,0.0,0.7078049577934491,0.23583984375,-0.1220703125,4,-0.225,-0.75,-1.706861972808838,0.7955169677734375,0.77238329838874
V288I,288,V,I,0.1516267648864334,0.494475138121547,3.0,0.12492705683171548,0.20390625,-0.2890625,4,-0.05,-1.75,-4.955448150634766,-1.142142653465271,0.7525179474555043
A413K,413,A,K,0.018072289156626505,0.1927710843373494,-1.0,0.883136471624163,-0.0142578125,-0.3134765625,2,1.3,0.875,-3.584289789199829,-1.7629754543304443,0.7380038618031486
A420K,420,A,K,0.020242914979757085,0.13562753036437247,-1.0,0.3310549941842994,0.205126953125,-0.26708984375,4,1.55,0.875,-3.0960543155670166,-1.7264986038208008,0.7265323430489778
D417E,417,D,E,0.1464226289517471,0.2795341098169717,2.0,0.47409543592237136,0.114013671875,-0.3857421875,4,0.025,-0.125,-3.387852907180786,-1.0625698566436768,0.7130525032458784
R384K,384,R,K,0.09957924263674614,0.10144927536231885,2.0,0.4630846535270777,-0.0537109375,-0.4775390625,2,0.225,-2.25,-0.5022793412208557,-0.3390626907348633,0.7066523912942215
M311F,311,M,F,0.04031496062992126,0.06362204724409448,0.0,0.0,0.3953125,0.228515625,5,0.15,-1.8125,-4.420054912567139,-0.3636136054992676,0.7064911135480086
N322K,322,N,K,0.08890290037831021,0.14155107187894073,0.0,0.4313598753298944,0.1982666015625,0.0361328125,5,-0.2,-1.5,-2.047290086746216,-0.44978761672973633,0.6755309869217685
E32T,32,E,T,0.01760921097189299,0.025397900440230273,-1.0,0.1585567165653353,0.523046875,0.28125,5,0.3,-1.25,-5.219301223754883,-0.2036736011505127,0.671852540561432
L38F,38,L,F,0.018753973299427844,0.1449459631277813,0.0,0.10670186563686197,0.360107421875,0.00390625,5,0.1125,-1.5625,-3.429837226867676,-2.112182855606079,0.6384713260761669
E390Q,390,E,Q,0.07012871726586774,0.21793164669329781,2.0,0.5285494372412294,0.0529296875,-0.146484375,3,0.0625,-1.375,-2.676208734512329,-1.075660228729248,0.6211967169588823
K197D,197,K,D,0.08092125739184562,0.17055711173358232,-1.0,0.5612294468692168,0.265966796875,-0.32763671875,4,-0.825,-2.875,-1.0423204898834229,-0.698855996131897,0.6191833716758408
I310Y,310,I,Y,0.2922829581993569,0.024437299035369776,-1.0,0.030650462336038485,0.105340576171875,-0.412109375,3,-0.5125,-2.25,-2.406224489212036,2.095254898071289,0.5870042263366358
D417K,417,D,K,0.09151414309484193,0.2795341098169717,-1.0,0.47409543592237136,0.1130126953125,-0.439453125,3,-0.125,-1.125,-2.1020708084106445,-1.0451648235321045,0.5598701894431791
M314V,314,M,V,0.03482114593225704,0.03513770180436847,1.0,0.3393340814893082,0.0869140625,-0.28515625,3,-0.3625,-1.8125,-2.932448148727417,0.17037534713745117,0.4372861801672315
K197N,197,K,N,0.06909430438842204,0.17055711173358232,0.0,0.5612294468692168,0.1125732421875,-0.250732421875,2,-0.9125,-2.5,-2.0501866340637207,-0.8565009832382202,0.4351819728199664
M314Y,314,M,Y,0.00411522633744856,0.03513770180436847,-1.0,0.3393340814893082,0.45302734375,0.0244140625,5,0.9,0.75,-7.952436923980713,-2.1386659145355225,0.41029316407372357
F395M,395,F,M,0.26164383561643834,0.3004566210045662,0.0,0.06038141080199581,-0.0529296875,-0.36328125,2,-0.725,-2.75,-3.4379372596740723,-0.3510928153991699,0.3796414600998934
T418S,418,T,S,0.00931098696461825,0.10800744878957169,1.0,0.03510547139650919,0.2080078125,-0.013671875,4,-0.05,-0.75,-5.4135661125183105,-2.202437400817871,0.3311099664987332
T418A,418,T,A,0.0037243947858473,0.10800744878957169,0.0,0.03510547139650919,0.24140625,-0.0703125,3,-0.025,-0.375,-4.502835750579834,-3.9400205612182617,0.27232916191353485
E376N,376,E,N,0.06727272727272728,0.07318181818181818,0.0,0.3143010455763144,-0.0240234375,-0.4365234375,2,0.1375,-1.375,-6.221102714538574,-0.08858489990234375,0.26212509026571285
A413R,413,A,R,0.0036144578313253013,0.1927710843373494,-1.0,0.883136471624163,-0.026953125,-0.3134765625,2,-0.225,-1.125,-4.928655624389648,-3.9036591053009033,0.240808169871297
Q394T,394,Q,T,0.046875,0.12959558823529413,-1.0,0.3111518815435509,0.0138427734375,-0.39111328125,2,-0.975,-2.5,-4.009520530700684,-1.2407584190368652,0.13044446520810588
S40Q,40,S,Q,0.11874604179860672,0.11747941735275491,0.0,0.36912084105168147,-0.07464599609375,-0.4365234375,2,-0.725,-3.75,-6.256726264953613,-0.31963562965393066,0.12349852413113573
